markt,tf,familie,L,variant,n,R21,basis_R21,edge,se,t,R11,edge_R11,fwd12_atr,kosten_R,edge_voor_2020,edge_2020_24,jaren_zelfde_teken,aantal_jaren,andere_markten_mee,L_zelfde_teken,netto_na_kosten,poort,richting
XAUUSD,M15,BOS,1.0000,alle,5772,-0.0414,-0.0036,-0.0378,0.0206,-1.8337,-0.0481,-0.0331,-0.0134,0.4447,-0.0153,-0.0646,0.8889,9,4,2.0000,-0.3966,False,omgekeerd
XAUUSD,M15,BOS,1.0000,displacement,2280,-0.0114,0.0014,-0.0128,0.0311,-0.4117,-0.0335,-0.0251,-0.0336,0.4447,0.0305,-0.0674,0.6667,9,3,1.0000,-0.4112,False,omgekeerd
XAUUSD,M15,BOS,1.0000,TF+1 mee,1635,-0.0418,0.0225,-0.0642,0.0407,-1.5784,-0.0619,-0.0556,-0.0491,0.4447,-0.0318,-0.1066,0.6667,9,3,2.0000,-0.3827,False,omgekeerd
XAUUSD,M15,BOS,1.0000,TF+1 en TF+2 mee,584,0.0087,0.0437,-0.0350,0.0696,-0.5031,-0.0041,-0.0307,0.1752,0.4447,0.0004,-0.0899,0.6667,9,2,2.0000,-0.4405,False,omgekeerd
XAUUSD,M15,CHoCH,1.0000,alle,5634,-0.0255,-0.0009,-0.0246,0.0193,-1.2790,-0.0376,-0.0253,-0.0555,0.4447,-0.0294,-0.0189,0.6667,9,3,3.0000,-0.4071,False,omgekeerd
XAUUSD,M15,CHoCH,1.0000,displacement,2079,-0.0702,-0.0039,-0.0663,0.0315,-2.1061,-0.0544,-0.0385,-0.1377,0.4447,-0.0564,-0.0784,0.6667,9,3,3.0000,-0.3903,False,omgekeerd
XAUUSD,M15,CHoCH,1.0000,MSS,460,-0.1018,-0.0069,-0.0949,0.0701,-1.3541,-0.0783,-0.0549,-0.0674,0.4447,-0.0811,-0.1104,0.7778,9,1,3.0000,-0.3664,False,omgekeerd
XAUUSD,M15,CHoCH,1.0000,TF+1 mee,1620,-0.0230,-0.0117,-0.0113,0.0424,-0.2663,-0.0578,-0.0399,0.0042,0.4447,-0.0182,-0.0032,0.4444,9,3,3.0000,-0.3869,False,omgekeerd
XAUUSD,M15,CHoCH,1.0000,met sweep,4856,-0.0033,0.0008,-0.0041,0.0214,-0.1913,-0.0209,-0.0125,-0.0275,0.4447,-0.0172,0.0112,0.6667,9,3,3.0000,-0.4238,False,omgekeerd
XAUUSD,M15,sweep_swing,1.0000,alle,14004,-0.0139,0.0006,-0.0145,0.0127,-1.1356,-0.0337,-0.0199,-0.0230,0.4447,-0.0310,0.0047,0.6667,9,0,3.0000,-0.4110,False,omgekeerd
XAUUSD,M15,sweep_swing,1.0000,TF+1 mee,4030,0.0099,-0.0003,0.0102,0.0266,0.3856,-0.0195,-0.0114,0.1260,0.4447,0.0000,0.0216,0.5556,9,0,3.0000,-0.4347,False,mee
XAUUSD,M15,BOS,3.0000,alle,2763,-0.0403,0.0020,-0.0424,0.0290,-1.4595,-0.0210,-0.0183,-0.0475,0.4447,-0.0154,-0.0744,0.8889,9,3,2.0000,-0.4236,False,omgekeerd
XAUUSD,M15,BOS,3.0000,displacement,1351,0.0071,0.0023,0.0049,0.0422,0.1154,0.0126,0.0178,-0.0881,0.4447,0.0187,-0.0134,0.4444,9,0,2.0000,-0.4375,False,mee
XAUUSD,M15,BOS,3.0000,TF+1 mee,943,-0.0168,0.0131,-0.0299,0.0505,-0.5908,-0.0228,-0.0265,-0.0729,0.4447,-0.0844,0.0468,0.7778,9,3,2.0000,-0.4219,False,omgekeerd
XAUUSD,M15,BOS,3.0000,TF+1 en TF+2 mee,338,-0.0646,0.0657,-0.1304,0.0807,-1.6154,0.0047,-0.0656,0.2824,0.4447,-0.1702,-0.0531,0.7778,9,2,2.0000,-0.4493,False,omgekeerd
XAUUSD,M15,CHoCH,3.0000,alle,2601,-0.0503,0.0183,-0.0686,0.0284,-2.4195,-0.0170,-0.0216,-0.0696,0.4447,-0.0818,-0.0529,0.8889,9,3,3.0000,-0.4277,False,omgekeerd
XAUUSD,M15,CHoCH,3.0000,displacement,1234,-0.1032,0.0257,-0.1289,0.0436,-2.9569,-0.0550,-0.0505,-0.1033,0.4447,-0.1427,-0.1126,0.7778,9,1,3.0000,-0.3897,False,omgekeerd
XAUUSD,M15,CHoCH,3.0000,MSS,424,-0.1643,-0.0004,-0.1639,0.0727,-2.2540,-0.0425,-0.0268,-0.1271,0.4447,-0.2409,-0.0786,0.6667,9,2,3.0000,-0.4022,False,omgekeerd
XAUUSD,M15,CHoCH,3.0000,TF+1 mee,674,-0.0312,0.0170,-0.0482,0.0597,-0.8072,-0.0423,-0.0131,0.0410,0.4447,-0.0557,-0.0397,0.7500,8,2,3.0000,-0.4024,False,omgekeerd
XAUUSD,M15,CHoCH,3.0000,met sweep,1918,-0.0692,0.0222,-0.0914,0.0338,-2.7026,-0.0260,-0.0329,-0.0761,0.4447,-0.1089,-0.0711,0.8889,9,3,3.0000,-0.4187,False,omgekeerd
XAUUSD,M15,sweep_swing,3.0000,alle,6019,-0.0206,0.0084,-0.0290,0.0190,-1.5256,-0.0429,-0.0354,0.0159,0.4447,-0.0287,-0.0293,0.6667,9,1,3.0000,-0.4017,False,omgekeerd
XAUUSD,M15,sweep_swing,3.0000,TF+1 mee,1786,0.0252,-0.0137,0.0389,0.0359,1.0841,-0.0232,-0.0006,0.1206,0.4447,0.0137,0.0694,0.6667,9,0,3.0000,-0.4195,False,mee
XAUUSD,M15,BOS,5.0000,alle,1906,0.0158,-0.0182,0.0340,0.0358,0.9484,-0.0307,0.0077,0.0185,0.4447,0.0473,0.0179,0.7778,9,0,1.0000,-0.4289,False,mee
XAUUSD,M15,BOS,5.0000,displacement,1042,0.0230,-0.0282,0.0511,0.0490,1.0432,-0.0326,0.0057,-0.1068,0.4447,0.0978,-0.0100,0.6667,9,0,2.0000,-0.4217,False,mee
XAUUSD,M15,BOS,5.0000,TF+1 mee,692,0.0583,0.0149,0.0434,0.0555,0.7813,0.0020,0.0106,0.0894,0.4447,0.0404,0.0470,0.6667,9,0,1.0000,-0.3863,False,mee
XAUUSD,M15,BOS,5.0000,TF+1 en TF+2 mee,253,0.0361,0.0107,0.0254,0.0906,0.2803,0.0198,0.0028,0.1907,0.4447,-0.0738,0.1904,0.4444,9,0,1.0000,-0.4086,False,mee
XAUUSD,M15,CHoCH,5.0000,alle,1820,-0.0405,-0.0077,-0.0329,0.0343,-0.9580,-0.0032,0.0210,-0.0526,0.4447,-0.0210,-0.0479,0.4444,9,4,3.0000,-0.4415,False,omgekeerd
XAUUSD,M15,CHoCH,5.0000,displacement,910,-0.0528,0.0127,-0.0655,0.0479,-1.3654,0.0220,0.0350,-0.0272,0.4447,-0.0400,-0.1028,0.6667,9,2,3.0000,-0.4666,False,omgekeerd
XAUUSD,M15,CHoCH,5.0000,MSS,353,-0.1391,0.0323,-0.1714,0.0799,-2.1467,0.0085,0.0064,-0.0189,0.4447,-0.2052,-0.1247,0.7778,9,1,3.0000,-0.4532,False,omgekeerd
XAUUSD,M15,CHoCH,5.0000,TF+1 mee,403,-0.0804,-0.0046,-0.0758,0.0724,-1.0458,-0.0720,-0.0789,0.2460,0.4447,0.0018,-0.1681,0.7500,8,1,3.0000,-0.3727,False,omgekeerd
XAUUSD,M15,CHoCH,5.0000,met sweep,1025,-0.0386,0.0067,-0.0453,0.0460,-0.9853,0.0232,0.0557,-0.0332,0.4447,-0.0152,-0.0821,0.4444,9,3,3.0000,-0.4678,False,omgekeerd
XAUUSD,M15,sweep_swing,5.0000,alle,3673,-0.0021,0.0026,-0.0047,0.0258,-0.1828,-0.0301,-0.0071,-0.0232,0.4447,0.0027,-0.0130,0.5556,9,0,3.0000,-0.4146,False,omgekeerd
XAUUSD,M15,sweep_swing,5.0000,TF+1 mee,1122,0.0624,-0.0243,0.0867,0.0477,1.8190,0.0107,0.0456,0.1692,0.4447,0.0996,0.0720,0.6667,9,0,3.0000,-0.3823,False,mee
XAUUSD,M15,sweep_dag,,alle,731,0.0164,0.0058,0.0106,0.0586,0.1815,-0.0327,-0.0377,-0.2137,0.4447,-0.0410,0.0853,0.4444,9,0,,-0.4283,False,mee
XAUUSD,M15,sweep_dag,,TF+1 mee,154,0.0343,-0.0121,0.0464,0.1263,0.3679,-0.1099,-0.0978,-0.5136,0.4447,0.2088,-0.1818,0.2500,8,0,,-0.4103,False,mee
XAUUSD,M15,sweep_azie,,alle,1140,0.0370,0.0222,0.0149,0.0435,0.3419,-0.0474,-0.0391,-0.0542,0.4447,0.0142,0.0158,0.6667,9,0,,-0.4076,False,mee
XAUUSD,M15,sweep_azie,,TF+1 mee,353,0.1190,0.0055,0.1135,0.0818,1.3886,-0.0482,-0.0661,0.1321,0.4447,0.1521,0.0458,0.7778,9,0,,-0.3256,False,mee
XAUUSD,M15,FVG_vorming,,alle,26601,-0.0254,-0.0102,-0.0152,0.0107,-1.4209,-0.0273,-0.0085,0.0086,0.4447,-0.0124,-0.0186,0.6667,9,0,,-0.4173,False,omgekeerd
XAUUSD,M15,FVG_vorming,,TF+1 mee,7639,-0.0229,-0.0039,-0.0190,0.0206,-0.9241,-0.0199,-0.0074,0.0185,0.4447,0.0041,-0.0454,0.5556,9,0,,-0.4248,False,omgekeerd
XAUUSD,M15,FVG_retest,,TF+1 mee,6127,-0.0082,0.0027,-0.0110,0.0219,-0.5007,-0.0310,-0.0282,0.0055,0.4447,-0.0043,-0.0185,0.6667,9,0,,-0.4136,False,omgekeerd
XAUUSD,M15,FVG_inverse,,alle,15783,-0.0135,-0.0087,-0.0047,0.0119,-0.3980,-0.0272,-0.0136,-0.0167,0.4447,0.0063,-0.0177,0.5556,9,0,,-0.4174,False,omgekeerd
XAUUSD,H1,BOS,1.0000,alle,1696,0.0158,0.0061,0.0097,0.0393,0.2463,-0.0318,-0.0096,0.1314,0.2180,0.0096,0.0099,0.3333,9,0,2.0000,-0.2022,False,mee
XAUUSD,H1,BOS,1.0000,displacement,717,0.0436,0.0070,0.0365,0.0541,0.6758,0.0014,0.0319,0.0683,0.2180,0.0379,0.0343,0.6667,9,0,3.0000,-0.1744,False,mee
XAUUSD,H1,BOS,1.0000,TF+1 mee,581,0.0430,0.0520,-0.0090,0.0670,-0.1344,-0.0258,-0.0549,0.1246,0.2180,-0.0371,0.0415,0.6667,9,2,1.0000,-0.1922,False,omgekeerd
XAUUSD,H1,BOS,1.0000,TF+1 en TF+2 mee,169,0.1538,-0.0542,0.2080,0.1298,1.6032,-0.0178,0.0521,0.3125,0.2180,0.1996,0.2206,0.8750,8,0,2.0000,-0.0642,False,mee
XAUUSD,H1,CHoCH,1.0000,alle,1637,-0.0479,-0.0285,-0.0193,0.0345,-0.5599,-0.0312,0.0125,-0.0170,0.2180,0.0277,-0.0975,0.5556,9,3,2.0000,-0.1868,False,omgekeerd
XAUUSD,H1,CHoCH,1.0000,displacement,621,0.0193,-0.0249,0.0443,0.0638,0.6940,0.0145,0.0665,-0.0243,0.2180,0.1148,-0.0825,0.6667,9,2,2.0000,-0.1987,False,mee
XAUUSD,H1,CHoCH,1.0000,MSS,124,0.1613,0.0452,0.1161,0.1411,0.8232,0.1774,0.1677,0.3263,0.2180,0.1829,-0.0143,0.8000,5,1,2.0000,-0.0567,False,mee
XAUUSD,H1,CHoCH,1.0000,TF+1 mee,518,-0.0528,0.0284,-0.0811,0.0681,-1.1922,0.0000,-0.0263,-0.1520,0.2180,-0.0176,-0.1927,0.7778,9,3,3.0000,-0.2180,False,omgekeerd
XAUUSD,H1,CHoCH,1.0000,met sweep,1420,-0.0291,-0.0274,-0.0017,0.0376,-0.0447,-0.0254,0.0159,0.0255,0.2180,0.0412,-0.0741,0.4444,9,3,2.0000,-0.1926,False,omgekeerd
XAUUSD,H1,sweep_swing,1.0000,alle,4313,0.0070,-0.0194,0.0264,0.0233,1.1355,-0.0349,-0.0035,-0.0755,0.2180,0.0322,0.0177,0.6667,9,0,3.0000,-0.2110,False,mee
XAUUSD,H1,sweep_swing,1.0000,TF+1 mee,1342,0.0986,-0.0078,0.1064,0.0494,2.1547,0.0129,0.0277,-0.0145,0.2180,0.1080,0.1039,0.8889,9,0,3.0000,-0.1194,False,mee
XAUUSD,H1,BOS,3.0000,alle,799,0.0044,0.0545,-0.0502,0.0551,-0.9107,-0.0413,-0.0397,0.2812,0.2180,-0.0451,-0.0579,0.5556,9,1,1.0000,-0.1767,False,omgekeerd
XAUUSD,H1,BOS,3.0000,displacement,439,0.0592,0.0212,0.0381,0.0730,0.5217,0.0023,0.0289,0.3560,0.2180,0.1179,-0.0882,0.5556,9,0,3.0000,-0.1588,False,mee
XAUUSD,H1,BOS,3.0000,TF+1 mee,289,0.1315,0.0373,0.0942,0.1123,0.8389,0.0450,0.0304,0.4138,0.2180,0.0729,0.1314,0.6667,9,1,2.0000,-0.0865,False,mee
XAUUSD,H1,BOS,3.0000,TF+1 en TF+2 mee,66,0.1364,0.0000,0.1364,0.2541,0.5367,-0.0909,-0.0485,0.2093,0.2180,0.0486,0.2483,0.5000,2,1,2.0000,-0.0816,False,mee
XAUUSD,H1,CHoCH,3.0000,alle,802,-0.0798,0.0117,-0.0915,0.0522,-1.7524,-0.0673,-0.0618,0.0292,0.2180,-0.0829,-0.1057,0.7778,9,2,2.0000,-0.1507,False,omgekeerd
XAUUSD,H1,CHoCH,3.0000,displacement,371,-0.0620,-0.0054,-0.0566,0.0711,-0.7956,-0.0836,-0.0846,0.1032,0.2180,-0.0539,-0.0611,0.6667,9,1,1.0000,-0.1344,False,omgekeerd
XAUUSD,H1,CHoCH,3.0000,MSS,118,-0.2627,-0.0898,-0.1729,0.1277,-1.3539,-0.1864,-0.1966,-0.1670,0.2180,-0.1808,-0.1600,0.8333,6,1,1.0000,-0.0316,False,omgekeerd
XAUUSD,H1,CHoCH,3.0000,TF+1 mee,230,-0.0217,0.0831,-0.1049,0.1049,-0.9999,-0.0870,-0.1197,0.1025,0.2180,-0.1565,-0.0184,0.5556,9,1,3.0000,-0.1310,False,omgekeerd
XAUUSD,H1,CHoCH,3.0000,met sweep,591,-0.0964,0.0061,-0.1025,0.0620,-1.6531,-0.0795,-0.0772,-0.0134,0.2180,-0.1002,-0.1067,0.8889,9,1,2.0000,-0.1385,False,omgekeerd
XAUUSD,H1,sweep_swing,3.0000,alle,1787,0.0237,-0.0133,0.0370,0.0349,1.0592,-0.0218,0.0038,-0.0126,0.2180,0.0185,0.0653,0.6667,9,2,3.0000,-0.1943,False,mee
XAUUSD,H1,sweep_swing,3.0000,TF+1 mee,559,0.1216,0.0606,0.0610,0.0704,0.8668,0.0519,0.0208,0.0851,0.2180,0.0114,0.1358,0.6667,9,0,3.0000,-0.0964,False,mee
XAUUSD,H1,BOS,5.0000,alle,586,0.1058,0.0246,0.0812,0.0645,1.2588,0.0410,0.0512,0.0998,0.2180,0.0938,0.0619,0.6667,9,0,2.0000,-0.1122,False,mee
XAUUSD,H1,BOS,5.0000,displacement,314,0.2229,0.0224,0.2005,0.0898,2.2321,0.1210,0.1465,0.1166,0.2180,0.2730,0.0909,0.7778,9,1,3.0000,0.0049,False,mee
XAUUSD,H1,BOS,5.0000,TF+1 mee,260,0.1077,-0.0192,0.1269,0.0969,1.3098,0.0615,0.0785,0.1846,0.2180,0.1491,0.0909,0.5556,9,1,2.0000,-0.1103,False,mee
XAUUSD,H1,BOS,5.0000,TF+1 en TF+2 mee,67,0.0746,0.1642,-0.0896,0.1903,-0.4705,-0.1045,-0.2209,0.0481,0.2180,-0.3086,0.1500,1.0000,2,0,1.0000,-0.1135,False,omgekeerd
XAUUSD,H1,CHoCH,5.0000,alle,519,0.0278,-0.0039,0.0317,0.0691,0.4581,0.0019,0.0277,-0.0038,0.2180,0.0709,-0.0392,0.4444,9,0,1.0000,-0.1902,False,mee
XAUUSD,H1,CHoCH,5.0000,displacement,268,0.0858,0.0287,0.0571,0.1012,0.5643,0.0299,0.0586,0.2178,0.2180,0.1585,-0.1401,0.6667,9,1,2.0000,-0.1322,False,mee
XAUUSD,H1,CHoCH,5.0000,MSS,92,-0.0543,-0.0935,0.0391,0.1731,0.2260,-0.0435,0.0304,0.2219,0.2180,0.2262,-0.3290,0.5000,4,0,2.0000,-0.2723,False,mee
XAUUSD,H1,CHoCH,5.0000,TF+1 mee,115,-0.0348,0.1635,-0.1983,0.1354,-1.4645,-0.0609,-0.1426,0.0760,0.2180,-0.2684,-0.0615,0.8333,6,1,3.0000,-0.1571,False,omgekeerd
XAUUSD,H1,CHoCH,5.0000,met sweep,286,0.0364,-0.0198,0.0562,0.0878,0.6403,0.0070,0.0273,-0.0262,0.2180,0.0726,0.0274,0.6667,9,0,1.0000,-0.1816,False,mee
XAUUSD,H1,sweep_swing,5.0000,alle,1037,0.0434,0.0014,0.0420,0.0452,0.9292,0.0068,0.0381,-0.1135,0.2180,-0.0232,0.1434,0.6667,9,0,3.0000,-0.1745,False,mee
XAUUSD,H1,sweep_swing,5.0000,TF+1 mee,306,0.1373,0.1219,0.0153,0.0869,0.1764,0.0915,0.0222,-0.0691,0.2180,-0.1567,0.2611,0.5556,9,0,3.0000,-0.0807,False,mee
XAUUSD,H1,sweep_dag,,alle,746,-0.0277,-0.0245,-0.0032,0.0528,-0.0613,0.0107,0.0264,-0.2117,0.2180,0.0230,-0.0411,0.5556,9,0,,-0.2287,False,omgekeerd
XAUUSD,H1,sweep_dag,,TF+1 mee,232,0.1509,0.0513,0.0995,0.0980,1.0154,0.0603,0.0383,0.0051,0.2180,0.0113,0.2160,0.5556,9,0,,-0.0671,False,mee
XAUUSD,H1,sweep_azie,,alle,1168,0.0079,-0.0182,0.0261,0.0409,0.6368,-0.0257,0.0312,-0.0189,0.2180,0.0391,0.0056,0.5556,9,0,,-0.2101,False,mee
XAUUSD,H1,sweep_azie,,TF+1 mee,344,0.0814,0.0368,0.0446,0.0832,0.5354,0.0407,0.0364,0.0563,0.2180,0.0386,0.0530,0.7778,9,0,,-0.1366,False,mee
XAUUSD,H1,sweep_week,,alle,147,-0.0204,-0.0022,-0.0182,0.1240,-0.1468,-0.0476,-0.0163,-0.0773,0.2180,0.1048,-0.2069,0.5000,8,0,,-0.1704,False,omgekeerd
XAUUSD,H1,sweep_week,,TF+1 mee,26,-0.0769,-0.0308,-0.0462,0.3472,-0.1329,-0.0769,0.0308,-0.4411,0.2180,,,,0,0,,-0.1411,False,omgekeerd
XAUUSD,H1,FVG_vorming,,alle,7343,0.0093,0.0031,0.0063,0.0200,0.3130,-0.0194,-0.0039,0.0760,0.2180,0.0136,-0.0052,0.4444,9,0,,-0.2087,False,mee
XAUUSD,H1,FVG_vorming,,TF+1 mee,2380,0.0243,0.0596,-0.0354,0.0404,-0.8758,0.0059,-0.0188,0.0957,0.2180,-0.0059,-0.0848,0.6667,9,0,,-0.2239,False,omgekeerd
XAUUSD,H1,FVG_retest,,TF+1 mee,1888,0.0370,0.0129,0.0241,0.0420,0.5734,-0.0191,-0.0136,0.1491,0.2180,0.0291,0.0154,0.5556,9,0,,-0.1810,False,mee
XAUUSD,H1,FVG_inverse,,alle,4273,-0.0137,-0.0142,0.0005,0.0235,0.0212,-0.0363,-0.0079,-0.0254,0.2180,0.0160,-0.0237,0.3333,9,0,,-0.2317,False,mee
XAUUSD,H4,BOS,1.0000,alle,483,-0.0186,0.0428,-0.0615,0.0770,-0.7979,0.0104,0.0091,0.1364,0.1043,-0.0895,-0.0176,0.6667,9,1,1.0000,-0.1146,False,omgekeerd
XAUUSD,H4,BOS,1.0000,displacement,201,-0.0299,0.0836,-0.1134,0.1093,-1.0380,0.0149,-0.0204,0.2061,0.1043,-0.2047,0.0500,0.6667,9,0,2.0000,-0.1192,False,omgekeerd
XAUUSD,H4,BOS,1.0000,TF+1 mee,135,0.0222,-0.0219,0.0441,0.1439,0.3066,0.0963,0.1511,0.0826,0.1043,0.1064,-0.0361,0.2500,8,1,2.0000,-0.0821,False,mee
XAUUSD,H4,BOS,1.0000,TF+1 en TF+2 mee,35,0.0286,0.0800,-0.0514,0.3546,-0.1450,0.2000,0.1600,0.4768,0.1043,,-0.0621,1.0000,1,1,3.0000,-0.3043,False,omgekeerd
XAUUSD,H4,CHoCH,1.0000,alle,387,-0.0176,0.0169,-0.0345,0.0747,-0.4621,-0.0491,-0.0656,-0.1628,0.1043,-0.0806,0.0557,0.5556,9,0,1.0000,-0.0552,False,omgekeerd
XAUUSD,H4,CHoCH,1.0000,displacement,138,-0.1304,-0.0083,-0.1222,0.1210,-1.0097,-0.0870,-0.0971,-0.2025,0.1043,-0.1253,-0.1135,0.6000,5,1,3.0000,-0.0173,False,omgekeerd
XAUUSD,H4,CHoCH,1.0000,MSS,24,0.2500,-0.1500,0.4000,0.3291,1.2153,0.1667,0.2167,-0.0200,0.1043,,,,0,0,1.0000,0.1457,False,mee
XAUUSD,H4,CHoCH,1.0000,TF+1 mee,118,0.0169,0.1441,-0.1271,0.1463,-0.8691,-0.0169,-0.0508,-0.0319,0.1043,-0.1792,-0.0293,0.6000,5,1,2.0000,-0.0873,False,omgekeerd
XAUUSD,H4,CHoCH,1.0000,met sweep,325,-0.0056,0.0300,-0.0355,0.0867,-0.4099,-0.0646,-0.0929,-0.1895,0.1043,-0.0861,0.0592,0.5556,9,1,1.0000,-0.0397,False,omgekeerd
XAUUSD,H4,sweep_swing,1.0000,alle,1044,-0.0402,0.0412,-0.0815,0.0467,-1.7459,-0.0057,-0.0079,-0.0347,0.1043,-0.0608,-0.1123,0.8889,9,2,3.0000,-0.0985,False,omgekeerd
XAUUSD,H4,sweep_swing,1.0000,TF+1 mee,315,0.0476,0.0601,-0.0125,0.0998,-0.1251,0.0222,0.0063,0.1332,0.1043,0.0031,-0.0365,0.5556,9,1,2.0000,-0.1265,False,omgekeerd
XAUUSD,H4,BOS,3.0000,alle,260,0.0615,0.0358,0.0258,0.0990,0.2602,0.0769,0.0423,0.2475,0.1043,-0.0153,0.0894,0.7778,9,0,2.0000,-0.0428,False,mee
XAUUSD,H4,BOS,3.0000,displacement,119,0.0336,0.0895,-0.0559,0.1370,-0.4078,0.1092,0.0706,0.3460,0.1043,-0.1733,0.1119,0.6667,6,0,2.0000,-0.2135,False,omgekeerd
XAUUSD,H4,BOS,3.0000,TF+1 mee,73,0.0685,0.0607,0.0078,0.1830,0.0427,0.0959,0.1151,0.5514,0.1043,0.0492,-0.0483,0.6667,3,0,2.0000,-0.0358,False,mee
XAUUSD,H4,BOS,3.0000,TF+1 en TF+2 mee,16,-0.2500,0.0500,-0.3000,0.3035,-0.9885,-0.2500,-0.1250,-0.7876,0.1043,,,,0,0,3.0000,0.1457,False,omgekeerd
XAUUSD,H4,CHoCH,3.0000,alle,214,0.0654,-0.0201,0.0855,0.1033,0.8280,0.0000,0.0252,0.1176,0.1043,0.1260,0.0217,0.6250,8,1,2.0000,-0.0389,False,mee
XAUUSD,H4,CHoCH,3.0000,displacement,108,-0.0556,-0.0056,-0.0500,0.1380,-0.3624,-0.0556,-0.0407,0.0276,0.1043,-0.0364,-0.0714,0.5000,6,1,3.0000,-0.0487,False,omgekeerd
XAUUSD,H4,CHoCH,3.0000,MSS,32,-0.1562,0.0500,-0.2062,0.2468,-0.8358,-0.1250,-0.0750,-0.0544,0.1043,-0.2100,,,0,1,2.0000,0.0207,False,omgekeerd
XAUUSD,H4,CHoCH,3.0000,TF+1 mee,65,0.0615,0.2000,-0.1385,0.1948,-0.7109,-0.0462,-0.1538,0.0219,0.1043,-0.0429,-0.3130,0.6667,3,0,2.0000,-0.0581,False,omgekeerd
XAUUSD,H4,CHoCH,3.0000,met sweep,163,0.1043,0.0104,0.0939,0.1201,0.7816,0.0061,0.0380,0.2591,0.1043,0.1281,0.0448,0.6250,8,0,2.0000,0.0000,False,mee
XAUUSD,H4,sweep_swing,3.0000,alle,489,-0.0035,0.0344,-0.0379,0.0671,-0.5637,-0.0143,-0.0033,-0.0965,0.1043,-0.0338,-0.0442,0.6667,9,1,3.0000,-0.0900,False,omgekeerd
XAUUSD,H4,sweep_swing,3.0000,TF+1 mee,146,0.0890,-0.0569,0.1459,0.1359,1.0738,-0.0137,0.0548,0.0366,0.1043,0.2173,0.0407,0.6250,8,0,1.0000,-0.0153,False,mee
XAUUSD,H4,BOS,5.0000,alle,163,0.1595,0.0086,0.1509,0.1289,1.1709,0.1779,0.2135,0.2205,0.1043,-0.0182,0.4125,0.6250,8,0,2.0000,0.0552,False,mee
XAUUSD,H4,BOS,5.0000,displacement,90,0.1667,-0.0667,0.2333,0.1713,1.3622,0.3111,0.3911,0.1698,0.1043,-0.0235,0.5692,0.4000,5,0,1.0000,0.0624,False,mee
XAUUSD,H4,BOS,5.0000,TF+1 mee,46,-0.0217,0.0696,-0.0913,0.1880,-0.4855,0.0870,0.0783,0.5730,0.1043,-0.2769,0.1500,0.0000,1,0,1.0000,-0.1913,False,omgekeerd
XAUUSD,H4,BOS,5.0000,TF+1 en TF+2 mee,7,0.2857,0.5429,-0.2571,0.5795,-0.4437,0.1429,-0.3429,0.6026,0.1043,,,,0,0,3.0000,-0.2472,False,omgekeerd
XAUUSD,H4,CHoCH,5.0000,alle,132,0.0682,-0.0398,0.1080,0.1355,0.7973,-0.0152,0.0727,-0.0321,0.1043,0.1115,0.1030,0.5714,7,2,2.0000,-0.0361,False,mee
XAUUSD,H4,CHoCH,5.0000,displacement,69,0.0000,0.0392,-0.0392,0.1915,-0.2044,-0.0725,-0.0000,-0.0758,0.1043,0.0375,-0.1448,0.5000,2,0,3.0000,-0.0318,False,omgekeerd
XAUUSD,H4,CHoCH,5.0000,MSS,23,-0.0870,0.0957,-0.1826,0.3508,-0.5205,-0.2174,-0.1391,0.2923,0.1043,,,,0,1,2.0000,0.1131,False,omgekeerd
XAUUSD,H4,CHoCH,5.0000,TF+1 mee,36,0.1667,0.0333,0.1333,0.2299,0.5800,0.0556,0.1444,0.1505,0.1043,-0.1636,,,0,1,1.0000,0.0624,False,mee
XAUUSD,H4,CHoCH,5.0000,met sweep,83,0.0843,0.0193,0.0651,0.1808,0.3599,-0.0361,0.0145,0.1065,0.1043,0.1102,0.0000,1.0000,2,1,2.0000,-0.0200,False,mee
XAUUSD,H4,sweep_swing,5.0000,alle,289,-0.0716,-0.0393,-0.0323,0.0897,-0.3600,-0.0450,0.0042,-0.1749,0.1043,-0.0572,0.0094,0.5556,9,1,3.0000,-0.0593,False,omgekeerd
XAUUSD,H4,sweep_swing,5.0000,TF+1 mee,88,-0.1136,0.1147,-0.2283,0.1547,-1.4761,-0.1818,-0.2409,-0.1661,0.1043,-0.0761,-0.5379,0.7500,4,1,2.0000,0.0775,False,omgekeerd
XAUUSD,H4,sweep_week,,alle,144,-0.0833,0.0059,-0.0892,0.1241,-0.7189,-0.1250,-0.1278,-0.4611,0.1043,-0.0818,-0.1009,0.5000,8,0,,0.0207,False,omgekeerd
XAUUSD,H4,sweep_week,,TF+1 mee,53,-0.2075,0.0130,-0.2206,0.2169,-1.0167,-0.1321,-0.0830,-0.2569,0.1043,-0.0091,-0.5429,0.0000,1,0,,0.0278,False,omgekeerd
XAUUSD,H4,FVG_vorming,,alle,2112,0.0176,-0.0068,0.0245,0.0379,0.6448,0.0066,0.0328,0.1020,0.1043,-0.0114,0.0812,0.4444,9,0,,-0.0867,False,mee
XAUUSD,H4,FVG_vorming,,TF+1 mee,638,0.0768,0.0283,0.0485,0.0755,0.6422,0.0000,0.0219,0.2775,0.1043,-0.0024,0.1210,0.3333,9,0,,-0.0275,False,mee
XAUUSD,H4,FVG_retest,,TF+1 mee,503,0.0414,0.0471,-0.0057,0.0790,-0.0717,-0.0099,-0.0032,0.1222,0.1043,-0.0579,0.0673,0.5556,9,0,,-0.0944,False,omgekeerd
XAUUSD,H4,FVG_inverse,,alle,1212,-0.0706,-0.0285,-0.0421,0.0460,-0.9161,-0.0561,-0.0183,-0.0282,0.1043,-0.0248,-0.0713,0.5556,9,0,,-0.0482,False,omgekeerd
EURUSD,M15,BOS,1.0000,alle,13513,-0.1062,-0.0128,-0.0934,0.0133,-7.0128,-0.0859,-0.0777,-0.0985,0.2173,-0.0940,-0.0911,1.0000,15,4,3.0000,-0.1314,False,omgekeerd
EURUSD,M15,BOS,1.0000,displacement,5582,-0.0975,-0.0065,-0.0911,0.0205,-4.4384,-0.0850,-0.0796,-0.0758,0.2173,-0.0767,-0.1511,0.8667,15,2,3.0000,-0.1323,False,omgekeerd
EURUSD,M15,BOS,1.0000,TF+1 mee,3620,-0.1207,-0.0123,-0.1084,0.0255,-4.2453,-0.0959,-0.0829,-0.1988,0.2173,-0.1014,-0.1339,0.8667,15,3,3.0000,-0.1213,False,omgekeerd
EURUSD,M15,BOS,1.0000,TF+1 en TF+2 mee,1153,-0.1394,-0.0053,-0.1341,0.0440,-3.0481,-0.1601,-0.1466,-0.1370,0.2173,-0.1490,-0.0853,0.8000,15,1,3.0000,-0.0572,False,omgekeerd
EURUSD,M15,CHoCH,1.0000,alle,13090,-0.0632,-0.0086,-0.0546,0.0135,-4.0543,-0.0528,-0.0402,-0.0736,0.2173,-0.0546,-0.0544,0.9333,15,3,3.0000,-0.1644,False,omgekeerd
EURUSD,M15,CHoCH,1.0000,displacement,4840,-0.0200,0.0031,-0.0231,0.0219,-1.0529,-0.0394,-0.0356,-0.0629,0.2173,-0.0252,-0.0145,0.7333,15,3,3.0000,-0.1779,False,omgekeerd
EURUSD,M15,CHoCH,1.0000,MSS,921,-0.0015,-0.0132,0.0117,0.0509,0.2298,-0.0300,-0.0261,-0.0933,0.2173,0.0122,0.0093,0.5333,15,0,2.0000,-0.2188,False,mee
EURUSD,M15,CHoCH,1.0000,TF+1 mee,3812,-0.0672,-0.0170,-0.0501,0.0241,-2.0802,-0.0607,-0.0368,-0.1252,0.2173,-0.0360,-0.1083,0.8667,15,2,3.0000,-0.1566,False,omgekeerd
EURUSD,M15,CHoCH,1.0000,met sweep,11193,-0.0580,-0.0104,-0.0476,0.0148,-3.2141,-0.0489,-0.0339,-0.0720,0.2173,-0.0483,-0.0444,0.6667,15,2,3.0000,-0.1684,False,omgekeerd
EURUSD,M15,sweep_swing,1.0000,alle,32233,-0.0037,-0.0083,0.0045,0.0082,0.5515,-0.0056,0.0056,0.0301,0.2173,0.0102,-0.0182,0.4667,15,1,2.0000,-0.2210,False,mee
EURUSD,M15,sweep_swing,1.0000,TF+1 mee,9516,-0.0192,-0.0220,0.0028,0.0175,0.1593,-0.0122,0.0079,-0.0140,0.2173,-0.0030,0.0265,0.5333,15,0,3.0000,-0.2364,False,mee
EURUSD,M15,BOS,3.0000,alle,6413,-0.0695,-0.0023,-0.0672,0.0184,-3.6505,-0.0759,-0.0656,-0.1252,0.2173,-0.0783,-0.0266,0.8000,15,3,3.0000,-0.1414,False,omgekeerd
EURUSD,M15,BOS,3.0000,displacement,3320,-0.0589,0.0105,-0.0694,0.0260,-2.6655,-0.0635,-0.0549,-0.1304,0.2173,-0.0667,-0.0800,0.6667,15,1,3.0000,-0.1537,False,omgekeerd
EURUSD,M15,BOS,3.0000,TF+1 mee,1785,-0.0895,0.0127,-0.1022,0.0361,-2.8289,-0.0799,-0.0819,-0.1891,0.2173,-0.1339,0.0074,0.8000,15,2,3.0000,-0.1374,False,omgekeerd
EURUSD,M15,BOS,3.0000,TF+1 en TF+2 mee,583,-0.0892,-0.0158,-0.0734,0.0572,-1.2836,-0.1143,-0.0802,-0.2002,0.2173,-0.0819,-0.0465,0.6000,15,2,3.0000,-0.1030,False,omgekeerd
EURUSD,M15,CHoCH,3.0000,alle,6120,-0.0400,0.0130,-0.0531,0.0190,-2.7914,-0.0526,-0.0481,-0.0310,0.2173,-0.0390,-0.1065,0.8667,15,3,3.0000,-0.1646,False,omgekeerd
EURUSD,M15,CHoCH,3.0000,displacement,2913,0.0116,0.0167,-0.0051,0.0279,-0.1832,-0.0256,-0.0141,0.0151,0.2173,0.0204,-0.1111,0.6667,15,2,3.0000,-0.1917,False,omgekeerd
EURUSD,M15,CHoCH,3.0000,MSS,949,-0.0041,0.0253,-0.0294,0.0513,-0.5727,-0.0478,-0.0258,-0.0199,0.2173,0.0008,-0.1533,0.4667,15,3,1.0000,-0.1695,False,omgekeerd
EURUSD,M15,CHoCH,3.0000,TF+1 mee,1753,-0.0261,-0.0087,-0.0174,0.0371,-0.4680,-0.0500,-0.0257,-0.0622,0.2173,0.0192,-0.1619,0.7333,15,2,3.0000,-0.1672,False,omgekeerd
EURUSD,M15,CHoCH,3.0000,met sweep,4469,-0.0390,0.0137,-0.0527,0.0224,-2.3547,-0.0448,-0.0374,-0.0523,0.2173,-0.0314,-0.1326,0.6667,15,3,3.0000,-0.1724,False,omgekeerd
EURUSD,M15,sweep_swing,3.0000,alle,13525,-0.0028,-0.0077,0.0049,0.0128,0.3831,-0.0122,0.0028,0.0454,0.2173,0.0181,-0.0463,0.7333,15,0,2.0000,-0.2201,False,mee
EURUSD,M15,sweep_swing,3.0000,TF+1 mee,3971,0.0026,-0.0168,0.0194,0.0248,0.7830,-0.0170,0.0117,0.0558,0.2173,0.0157,0.0341,0.5333,15,1,3.0000,-0.2147,False,mee
EURUSD,M15,BOS,5.0000,alle,4140,-0.0777,-0.0064,-0.0714,0.0230,-3.1087,-0.0864,-0.0714,-0.1313,0.2173,-0.0703,-0.0756,0.8000,15,3,3.0000,-0.1308,False,omgekeerd
EURUSD,M15,BOS,5.0000,displacement,2354,-0.0575,-0.0136,-0.0439,0.0309,-1.4225,-0.0748,-0.0480,-0.1536,0.2173,-0.0351,-0.0826,0.6667,15,1,3.0000,-0.1425,False,omgekeerd
EURUSD,M15,BOS,5.0000,TF+1 mee,1374,-0.0848,-0.0153,-0.0695,0.0421,-1.6500,-0.0956,-0.0728,-0.2463,0.2173,-0.0733,-0.0551,0.6000,15,1,3.0000,-0.1217,False,omgekeerd
EURUSD,M15,BOS,5.0000,TF+1 en TF+2 mee,461,-0.0671,0.0330,-0.1001,0.0666,-1.5023,-0.1236,-0.1288,-0.2054,0.2173,-0.0787,-0.1726,0.7333,15,1,3.0000,-0.0936,False,omgekeerd
EURUSD,M15,CHoCH,5.0000,alle,4270,-0.0485,-0.0094,-0.0391,0.0247,-1.5804,-0.0532,-0.0359,-0.0475,0.2173,-0.0156,-0.1277,0.6667,15,3,3.0000,-0.1641,False,omgekeerd
EURUSD,M15,CHoCH,5.0000,displacement,2224,-0.0517,-0.0058,-0.0460,0.0344,-1.3378,-0.0597,-0.0455,0.0048,0.2173,-0.0252,-0.1277,0.7333,15,2,3.0000,-0.1576,False,omgekeerd
EURUSD,M15,CHoCH,5.0000,MSS,808,0.0477,-0.0120,0.0597,0.0566,1.0554,-0.0191,-0.0052,0.1698,0.2173,0.0713,0.0162,0.7333,15,0,2.0000,-0.1695,False,mee
EURUSD,M15,CHoCH,5.0000,TF+1 mee,1000,-0.0227,-0.0075,-0.0153,0.0472,-0.3232,-0.0498,-0.0273,-0.0805,0.2173,0.0246,-0.1707,0.6667,15,2,3.0000,-0.1674,False,omgekeerd
EURUSD,M15,CHoCH,5.0000,met sweep,2496,-0.0692,-0.0072,-0.0620,0.0319,-1.9458,-0.0646,-0.0465,-0.0471,0.2173,-0.0390,-0.1503,0.6000,15,2,3.0000,-0.1526,False,omgekeerd
EURUSD,M15,sweep_swing,5.0000,alle,8013,-0.0138,-0.0066,-0.0072,0.0174,-0.4123,-0.0144,-0.0044,0.0255,0.2173,0.0043,-0.0532,0.6667,15,0,1.0000,-0.2029,False,omgekeerd
EURUSD,M15,sweep_swing,5.0000,TF+1 mee,2403,0.0138,-0.0092,0.0229,0.0313,0.7327,-0.0040,0.0073,0.0572,0.2173,0.0104,0.0764,0.6000,15,1,3.0000,-0.2035,False,mee
EURUSD,M15,sweep_dag,,alle,1420,0.0162,-0.0114,0.0276,0.0415,0.6647,-0.0197,-0.0138,0.0339,0.2173,0.0488,-0.0484,0.5333,15,0,,-0.2011,False,mee
EURUSD,M15,sweep_dag,,TF+1 mee,312,-0.0877,-0.0687,-0.0191,0.0903,-0.2111,-0.1154,-0.0788,-0.3418,0.2173,0.0237,-0.1755,0.6429,14,0,,-0.1019,False,omgekeerd
EURUSD,M15,sweep_azie,,alle,2189,0.0273,0.0196,0.0077,0.0331,0.2333,-0.0232,-0.0103,0.1590,0.2173,0.0009,0.0333,0.5333,15,0,,-0.1899,False,mee
EURUSD,M15,sweep_azie,,TF+1 mee,671,0.0402,-0.0215,0.0616,0.0621,0.9914,-0.0310,0.0246,0.0175,0.2173,0.0176,0.2271,0.5333,15,0,,-0.1771,False,mee
EURUSD,M15,FVG_vorming,,alle,62706,-0.0438,-0.0152,-0.0286,0.0067,-4.2632,-0.0431,-0.0278,-0.0397,0.2173,-0.0260,-0.0380,0.9333,15,0,,-0.1742,False,omgekeerd
EURUSD,M15,FVG_vorming,,TF+1 mee,17878,-0.0407,-0.0131,-0.0276,0.0139,-1.9800,-0.0429,-0.0296,-0.0681,0.2173,-0.0212,-0.0509,0.6000,15,0,,-0.1743,False,omgekeerd
EURUSD,M15,FVG_retest,,TF+1 mee,14427,-0.0349,-0.0146,-0.0203,0.0143,-1.4217,-0.0557,-0.0401,-0.0314,0.2173,-0.0309,0.0178,0.5333,15,0,,-0.1615,False,omgekeerd
EURUSD,M15,FVG_inverse,,alle,37477,-0.0661,-0.0123,-0.0538,0.0080,-6.6843,-0.0631,-0.0517,-0.0594,0.2173,-0.0521,-0.0601,1.0000,15,0,,-0.1542,False,omgekeerd
EURUSD,H1,BOS,1.0000,alle,3312,-0.1178,-0.0003,-0.1176,0.0267,-4.4031,-0.0918,-0.0798,-0.1347,0.1009,-0.1536,0.0192,0.6667,15,0,3.0000,-0.0091,False,omgekeerd
EURUSD,H1,BOS,1.0000,displacement,1458,-0.1022,-0.0222,-0.0799,0.0385,-2.0738,-0.0754,-0.0556,-0.0433,0.1009,-0.0985,-0.0035,0.6667,15,0,3.0000,-0.0255,False,omgekeerd
EURUSD,H1,BOS,1.0000,TF+1 mee,1054,-0.0984,-0.0430,-0.0553,0.0459,-1.2046,-0.0797,-0.0235,-0.1195,0.1009,-0.1047,0.1176,0.6000,15,1,3.0000,-0.0212,False,omgekeerd
EURUSD,H1,BOS,1.0000,TF+1 en TF+2 mee,274,-0.0719,-0.0115,-0.0604,0.0925,-0.6531,-0.0365,0.0058,-0.1315,0.1009,-0.0995,0.0918,0.5833,12,0,1.0000,-0.0644,False,omgekeerd
EURUSD,H1,CHoCH,1.0000,alle,3297,-0.0118,-0.0195,0.0077,0.0266,0.2885,-0.0373,-0.0106,0.0044,0.1009,0.0100,-0.0009,0.4000,15,0,2.0000,-0.1127,False,mee
EURUSD,H1,CHoCH,1.0000,displacement,1436,0.0454,-0.0185,0.0639,0.0425,1.5019,-0.0237,0.0117,0.0163,0.1009,0.0767,0.0109,0.6000,15,1,2.0000,-0.0555,False,mee
EURUSD,H1,CHoCH,1.0000,MSS,254,0.1032,-0.0350,0.1381,0.0975,1.4171,-0.0157,0.0079,0.0704,0.1009,0.2370,-0.1324,0.6667,15,0,2.0000,0.0023,False,mee
EURUSD,H1,CHoCH,1.0000,TF+1 mee,1076,-0.0698,0.0051,-0.0750,0.0466,-1.6073,-0.0781,-0.0743,-0.0862,0.1009,-0.0937,-0.0085,0.6667,15,3,1.0000,-0.0228,False,omgekeerd
EURUSD,H1,CHoCH,1.0000,met sweep,2814,-0.0228,-0.0213,-0.0015,0.0294,-0.0496,-0.0398,-0.0094,0.0206,0.1009,-0.0142,0.0468,0.4000,15,3,1.0000,-0.0611,False,omgekeerd
EURUSD,H1,sweep_swing,1.0000,alle,8493,-0.0050,-0.0152,0.0102,0.0159,0.6401,-0.0312,-0.0052,0.0080,0.1009,0.0058,0.0272,0.6000,15,1,3.0000,-0.1059,False,mee
EURUSD,H1,sweep_swing,1.0000,TF+1 mee,2743,-0.0430,-0.0272,-0.0158,0.0320,-0.4945,-0.0390,-0.0098,-0.0423,0.1009,-0.0117,-0.0316,0.6667,15,1,3.0000,-0.0619,False,omgekeerd
EURUSD,H1,BOS,3.0000,alle,1605,-0.0812,-0.0127,-0.0685,0.0383,-1.7901,-0.0741,-0.0454,-0.2266,0.1009,-0.0678,-0.0715,0.7333,15,0,3.0000,-0.0268,False,omgekeerd
EURUSD,H1,BOS,3.0000,displacement,940,-0.0520,-0.0137,-0.0383,0.0486,-0.7867,-0.0681,-0.0285,-0.2789,0.1009,-0.0365,-0.0458,0.6667,15,0,3.0000,-0.0328,False,omgekeerd
EURUSD,H1,BOS,3.0000,TF+1 mee,507,-0.0828,-0.0607,-0.0222,0.0675,-0.3283,-0.0848,-0.0387,-0.1064,0.1009,-0.0309,0.0114,0.6000,15,0,3.0000,-0.0161,False,omgekeerd
EURUSD,H1,BOS,3.0000,TF+1 en TF+2 mee,111,0.0541,-0.0630,0.1170,0.1387,0.8440,-0.0631,0.0505,0.0389,0.1009,0.1086,,0.5714,7,1,2.0000,-0.0468,False,mee
EURUSD,H1,CHoCH,3.0000,alle,1585,0.0202,-0.0306,0.0508,0.0381,1.3315,-0.0044,0.0472,-0.0330,0.1009,0.0876,-0.0926,0.5333,15,0,2.0000,-0.0807,False,mee
EURUSD,H1,CHoCH,3.0000,displacement,854,0.0293,-0.0356,0.0649,0.0513,1.2642,-0.0117,0.0512,-0.0016,0.1009,0.1034,-0.0867,0.6000,15,0,2.0000,-0.0716,False,mee
EURUSD,H1,CHoCH,3.0000,MSS,233,0.0429,-0.0305,0.0735,0.0985,0.7458,-0.0472,0.0155,-0.1437,0.1009,0.1442,-0.1500,0.5333,15,2,2.0000,-0.0580,False,mee
EURUSD,H1,CHoCH,3.0000,TF+1 mee,463,0.0108,-0.0509,0.0617,0.0706,0.8743,-0.0108,0.0363,-0.0436,0.1009,0.0236,0.2176,0.8000,15,0,2.0000,-0.0901,False,mee
EURUSD,H1,CHoCH,3.0000,met sweep,1106,0.0606,-0.0234,0.0839,0.0472,1.7798,0.0108,0.0608,-0.0261,0.1009,0.1289,-0.0991,0.6667,15,0,2.0000,-0.0403,False,mee
EURUSD,H1,sweep_swing,3.0000,alle,3559,0.0049,-0.0215,0.0264,0.0264,1.0006,-0.0334,-0.0053,0.0212,0.1009,0.0263,0.0270,0.6000,15,2,3.0000,-0.0960,False,mee
EURUSD,H1,sweep_swing,3.0000,TF+1 mee,1126,-0.0458,-0.0031,-0.0427,0.0480,-0.8891,-0.0533,-0.0451,-0.0271,0.1009,-0.0445,-0.0359,0.6000,15,2,3.0000,-0.0476,False,omgekeerd
EURUSD,H1,BOS,5.0000,alle,1141,-0.0416,-0.0312,-0.0103,0.0456,-0.2268,-0.0482,-0.0074,-0.1371,0.1009,0.0193,-0.1155,0.4000,15,0,3.0000,-0.0527,False,omgekeerd
EURUSD,H1,BOS,5.0000,displacement,722,-0.0734,-0.0127,-0.0607,0.0573,-1.0598,-0.0637,-0.0360,-0.2525,0.1009,-0.0148,-0.2344,0.6000,15,0,3.0000,-0.0372,False,omgekeerd
EURUSD,H1,BOS,5.0000,TF+1 mee,451,-0.0587,-0.0514,-0.0073,0.0757,-0.0965,-0.0820,-0.0337,-0.1083,0.1009,0.0105,-0.0698,0.6000,15,0,3.0000,-0.0189,False,omgekeerd
EURUSD,H1,BOS,5.0000,TF+1 en TF+2 mee,121,0.1653,-0.0826,0.2479,0.1441,1.7204,0.0248,0.0860,-0.2488,0.1009,0.3857,-0.3391,0.8333,6,2,2.0000,0.0644,False,mee
EURUSD,H1,CHoCH,5.0000,alle,1049,-0.0734,-0.0069,-0.0665,0.0470,-1.4150,-0.0810,-0.0496,-0.1224,0.1009,-0.0548,-0.1167,0.6000,15,1,1.0000,-0.0199,False,omgekeerd
EURUSD,H1,CHoCH,5.0000,displacement,633,-0.0806,0.0187,-0.0993,0.0599,-1.6564,-0.0964,-0.0619,-0.1687,0.1009,-0.0799,-0.1830,0.5333,15,0,1.0000,-0.0045,False,omgekeerd
EURUSD,H1,CHoCH,5.0000,MSS,204,-0.0441,0.0076,-0.0517,0.1091,-0.4741,-0.0980,-0.0529,-0.5523,0.1009,-0.0273,-0.1290,0.5000,14,0,1.0000,-0.0029,False,omgekeerd
EURUSD,H1,CHoCH,5.0000,TF+1 mee,242,-0.0083,-0.0727,0.0645,0.0997,0.6468,-0.0661,-0.0198,-0.0168,0.1009,0.0567,0.1024,0.6364,11,1,2.0000,-0.1092,False,mee
EURUSD,H1,CHoCH,5.0000,met sweep,540,0.0056,-0.0050,0.0106,0.0679,0.1559,-0.0333,-0.0059,-0.0966,0.1009,0.0240,-0.0431,0.6000,15,0,2.0000,-0.0953,False,mee
EURUSD,H1,sweep_swing,5.0000,alle,2108,-0.0050,-0.0214,0.0164,0.0341,0.4800,-0.0209,0.0103,-0.0329,0.1009,0.0054,0.0578,0.7333,15,0,3.0000,-0.1059,False,mee
EURUSD,H1,sweep_swing,5.0000,TF+1 mee,652,-0.0285,-0.0192,-0.0094,0.0613,-0.1530,-0.0031,0.0233,-0.0299,0.1009,0.0163,-0.1061,0.6000,15,1,3.0000,-0.0978,False,omgekeerd
EURUSD,H1,sweep_dag,,alle,1512,0.0161,-0.0256,0.0418,0.0396,1.0547,0.0172,0.0413,-0.0126,0.1009,0.0566,-0.0093,0.6667,15,0,,-0.0848,False,mee
EURUSD,H1,sweep_dag,,TF+1 mee,463,-0.0985,-0.0255,-0.0730,0.0703,-1.0389,-0.0022,0.0104,-0.1354,0.1009,-0.0599,-0.1156,0.6000,15,0,,-0.0987,False,omgekeerd
EURUSD,H1,sweep_azie,,alle,2293,0.0336,0.0016,0.0320,0.0326,0.9825,-0.0266,0.0165,-0.1144,0.1009,0.0395,0.0035,0.4667,15,0,,-0.0673,False,mee
EURUSD,H1,sweep_azie,,TF+1 mee,751,-0.0652,-0.0067,-0.0585,0.0553,-1.0578,-0.0866,-0.0426,-0.2584,0.1009,-0.0291,-0.1598,0.6000,15,0,,-0.0143,False,omgekeerd
EURUSD,H1,sweep_week,,alle,288,0.0431,-0.0156,0.0587,0.0882,0.6652,0.0069,0.0250,0.1450,0.1009,0.0808,-0.0352,0.7143,14,0,,-0.0578,False,mee
EURUSD,H1,sweep_week,,TF+1 mee,56,-0.0285,-0.1536,0.1251,0.1998,0.6259,-0.1786,-0.1143,-0.0677,0.1009,0.1362,,,0,0,,-0.1294,False,mee
EURUSD,H1,FVG_vorming,,alle,14792,-0.0061,-0.0216,0.0155,0.0153,1.0125,-0.0197,0.0047,-0.0267,0.1009,0.0127,0.0260,0.6000,15,0,,-0.1070,False,mee
EURUSD,H1,FVG_vorming,,TF+1 mee,4691,-0.0154,-0.0261,0.0108,0.0277,0.3887,-0.0215,-0.0036,-0.0435,0.1009,-0.0185,0.1148,0.4667,15,0,,-0.1163,False,mee
EURUSD,H1,FVG_retest,,TF+1 mee,3701,-0.0133,-0.0344,0.0210,0.0269,0.7802,-0.0452,-0.0283,-0.0915,0.1009,0.0126,0.0519,0.6667,15,0,,-0.1142,False,mee
EURUSD,H1,FVG_inverse,,alle,8547,-0.0489,-0.0209,-0.0280,0.0173,-1.6185,-0.0504,-0.0170,-0.0346,0.1009,-0.0266,-0.0334,0.6000,15,0,,-0.0505,False,omgekeerd
EURUSD,H4,BOS,1.0000,alle,919,-0.1023,0.0199,-0.1222,0.0528,-2.3128,-0.0664,-0.0490,-0.1549,0.0480,-0.1545,-0.0045,0.6000,15,0,2.0000,0.0183,False,omgekeerd
EURUSD,H4,BOS,1.0000,displacement,386,-0.0751,-0.0076,-0.0675,0.0711,-0.9486,-0.0518,-0.0192,-0.0865,0.0480,-0.0927,0.0304,0.5714,14,1,2.0000,0.0038,False,omgekeerd
EURUSD,H4,BOS,1.0000,TF+1 mee,276,-0.0326,-0.0391,0.0065,0.0994,0.0656,-0.0290,-0.0391,-0.1689,0.0480,-0.0055,0.0517,0.6429,14,1,3.0000,-0.0806,False,mee
EURUSD,H4,BOS,1.0000,TF+1 en TF+2 mee,92,0.1413,-0.0022,0.1435,0.1551,0.9249,-0.0435,-0.0565,-0.1181,0.0480,0.2077,,0.4000,5,0,2.0000,0.0933,False,mee
EURUSD,H4,CHoCH,1.0000,alle,832,-0.0481,-0.0203,-0.0278,0.0508,-0.5473,-0.0841,-0.0569,-0.2019,0.0480,-0.0493,0.0713,0.5333,15,0,2.0000,0.0361,False,omgekeerd
EURUSD,H4,CHoCH,1.0000,displacement,351,0.0598,-0.0143,0.0741,0.0867,0.8541,0.0427,0.0761,-0.1042,0.0480,0.0938,-0.0034,0.6667,15,0,3.0000,0.0118,False,mee
EURUSD,H4,CHoCH,1.0000,MSS,66,-0.0455,0.0909,-0.1364,0.1844,-0.7394,0.0000,-0.0303,-0.0863,0.0480,-0.2333,,,0,0,1.0000,-0.0480,False,omgekeerd
EURUSD,H4,CHoCH,1.0000,TF+1 mee,243,-0.1111,-0.0765,-0.0346,0.0897,-0.3852,-0.1523,-0.0889,-0.2785,0.0480,0.0120,-0.2512,0.5385,13,1,2.0000,0.1042,False,omgekeerd
EURUSD,H4,CHoCH,1.0000,met sweep,715,-0.0056,-0.0105,0.0049,0.0567,0.0865,-0.0601,-0.0393,-0.1782,0.0480,-0.0234,0.1310,0.4667,15,0,3.0000,-0.0536,False,mee
EURUSD,H4,sweep_swing,1.0000,alle,2125,-0.0081,-0.0260,0.0179,0.0321,0.5565,-0.0259,0.0041,0.0629,0.0480,0.0303,-0.0298,0.4667,15,1,3.0000,-0.0561,False,mee
EURUSD,H4,sweep_swing,1.0000,TF+1 mee,645,-0.0465,-0.0493,0.0028,0.0603,0.0463,-0.0512,-0.0384,-0.0439,0.0480,-0.0147,0.0828,0.4667,15,0,3.0000,-0.0945,False,mee
EURUSD,H4,BOS,3.0000,alle,539,-0.0204,0.0070,-0.0274,0.0708,-0.3873,-0.0204,0.0067,-0.0747,0.0480,-0.0650,0.1127,0.7333,15,0,2.0000,-0.0276,False,omgekeerd
EURUSD,H4,BOS,3.0000,displacement,280,-0.0250,-0.0109,-0.0141,0.0915,-0.1546,-0.0143,0.0214,-0.0720,0.0480,-0.0494,0.1333,0.7143,14,0,2.0000,-0.0337,False,omgekeerd
EURUSD,H4,BOS,3.0000,TF+1 mee,154,-0.0260,-0.0532,0.0273,0.1190,0.2292,-0.0909,-0.0649,-0.1651,0.0480,-0.0047,0.1778,0.5000,8,0,3.0000,-0.0740,False,mee
EURUSD,H4,BOS,3.0000,TF+1 en TF+2 mee,61,-0.0164,-0.0459,0.0295,0.1960,0.1506,-0.1148,-0.1246,0.0325,0.0480,0.1667,,0.0000,2,0,2.0000,-0.0644,False,mee
EURUSD,H4,CHoCH,3.0000,alle,472,0.1059,-0.0063,0.1122,0.0733,1.5306,0.0847,0.1053,0.1155,0.0480,0.1469,-0.0414,0.6000,15,0,1.0000,0.0579,False,mee
EURUSD,H4,CHoCH,3.0000,displacement,248,0.2339,-0.0000,0.2339,0.1029,2.2729,0.1210,0.1335,0.0789,0.0480,0.3020,-0.0652,0.6667,12,0,3.0000,0.1858,False,mee
EURUSD,H4,CHoCH,3.0000,MSS,68,0.2794,-0.0647,0.3441,0.2065,1.6662,0.1471,0.1779,-0.0403,0.0480,0.3927,,,0,0,2.0000,0.2314,False,mee
EURUSD,H4,CHoCH,3.0000,TF+1 mee,161,0.1553,-0.1578,0.3130,0.1249,2.5066,0.0807,0.1714,0.0528,0.0480,0.4143,-0.0514,0.7000,10,1,1.0000,0.1073,False,mee
EURUSD,H4,CHoCH,3.0000,met sweep,351,0.0855,0.0056,0.0799,0.0844,0.9474,0.0655,0.0866,0.0174,0.0480,0.1224,-0.1143,0.5333,15,0,3.0000,0.0374,False,mee
EURUSD,H4,sweep_swing,3.0000,alle,960,-0.0125,-0.0233,0.0108,0.0486,0.2229,-0.0208,0.0121,0.0248,0.0480,0.0310,-0.0663,0.4000,15,0,3.0000,-0.0605,False,mee
EURUSD,H4,sweep_swing,3.0000,TF+1 mee,298,0.0168,-0.0275,0.0443,0.0944,0.4692,-0.0403,0.0027,0.0465,0.0480,-0.0482,0.5143,0.4615,13,1,3.0000,-0.0312,False,mee
EURUSD,H4,BOS,5.0000,alle,336,0.0357,0.0189,0.0168,0.0842,0.1996,-0.0298,-0.0548,-0.0647,0.0480,-0.0880,0.4455,0.5333,15,1,1.0000,-0.0123,False,mee
EURUSD,H4,BOS,5.0000,displacement,175,0.0971,0.0903,0.0069,0.1216,0.0564,0.0400,-0.0251,-0.1167,0.0480,-0.1014,0.4727,0.3000,10,1,1.0000,0.0491,False,mee
EURUSD,H4,BOS,5.0000,TF+1 mee,84,0.1429,-0.0500,0.1929,0.1826,1.0561,0.0000,0.0619,0.1337,0.0480,0.2108,,0.5000,2,1,3.0000,0.0948,False,mee
EURUSD,H4,BOS,5.0000,TF+1 en TF+2 mee,26,-0.1923,-0.0077,-0.1846,0.3064,-0.6025,-0.2308,-0.1846,0.3694,0.0480,-0.1250,,,0,0,1.0000,0.1827,False,omgekeerd
EURUSD,H4,CHoCH,5.0000,alle,285,0.0000,0.0189,-0.0189,0.0911,-0.2080,0.1158,0.0533,0.1724,0.0480,0.0259,-0.2151,0.7143,14,0,2.0000,-0.1638,False,omgekeerd
EURUSD,H4,CHoCH,5.0000,displacement,157,0.1465,-0.0140,0.1605,0.1274,1.2598,0.1720,0.1248,0.2127,0.0480,0.2400,-0.2222,0.3750,8,0,3.0000,0.0985,False,mee
EURUSD,H4,CHoCH,5.0000,MSS,42,0.1429,0.0429,0.1000,0.2367,0.4224,0.0952,0.0762,0.2719,0.0480,0.3091,,,0,0,2.0000,0.0948,False,mee
EURUSD,H4,CHoCH,5.0000,TF+1 mee,89,-0.0562,-0.0157,-0.0404,0.1557,-0.2597,0.0562,0.0539,0.2454,0.0480,0.0358,-0.2727,,0,0,2.0000,-0.1042,False,omgekeerd
EURUSD,H4,CHoCH,5.0000,met sweep,175,0.0800,-0.0366,0.1166,0.1217,0.9582,0.1314,0.0640,0.0478,0.0480,0.1250,0.0774,0.5000,10,1,3.0000,0.0320,False,mee
EURUSD,H4,sweep_swing,5.0000,alle,536,-0.0653,-0.0692,0.0039,0.0643,0.0609,-0.0224,0.0364,0.0511,0.0480,0.0050,0.0000,0.6000,15,0,3.0000,-0.1133,False,mee
EURUSD,H4,sweep_swing,5.0000,TF+1 mee,170,0.0235,-0.0859,0.1094,0.1213,0.9022,0.0000,0.0118,0.1313,0.0480,0.0429,0.4200,0.5556,9,0,3.0000,-0.0245,False,mee
EURUSD,H4,sweep_week,,alle,280,0.0071,-0.0120,0.0192,0.0893,0.2146,0.0571,0.1164,0.0690,0.0480,0.0025,0.0941,0.5385,13,0,,-0.0409,False,mee
EURUSD,H4,sweep_week,,TF+1 mee,88,0.0568,0.0364,0.0205,0.1777,0.1151,0.0227,-0.0182,0.4959,0.0480,-0.1417,,0.0000,2,0,,0.0088,False,mee
EURUSD,H4,FVG_vorming,,alle,4116,-0.0179,-0.0299,0.0120,0.0284,0.4229,0.0063,0.0373,0.0469,0.0480,0.0288,-0.0545,0.6000,15,0,,-0.0660,False,mee
EURUSD,H4,FVG_vorming,,TF+1 mee,1290,-0.0488,-0.0056,-0.0433,0.0491,-0.8805,-0.0372,-0.0214,0.0540,0.0480,-0.0168,-0.1512,0.6000,15,0,,-0.0108,False,omgekeerd
EURUSD,H4,FVG_retest,,TF+1 mee,1038,-0.0896,-0.0364,-0.0532,0.0501,-1.0618,-0.0597,-0.0355,0.0373,0.0480,-0.0341,-0.1286,0.6667,15,0,,0.0117,False,omgekeerd
EURUSD,H4,FVG_inverse,,alle,2424,-0.0260,-0.0326,0.0066,0.0320,0.2060,-0.0025,0.0281,-0.0334,0.0480,0.0155,-0.0289,0.5333,15,0,,-0.0740,False,mee
GBPUSD,M15,BOS,1.0000,alle,13550,-0.1127,-0.0102,-0.1025,0.0136,-7.5263,-0.1048,-0.0895,-0.0948,0.2077,-0.1100,-0.0745,1.0000,15,4,3.0000,-0.1029,False,omgekeerd
GBPUSD,M15,BOS,1.0000,displacement,5358,-0.1079,0.0036,-0.1114,0.0198,-5.6354,-0.1129,-0.0987,-0.1064,0.2077,-0.1043,-0.1409,1.0000,15,2,3.0000,-0.0947,False,omgekeerd
GBPUSD,M15,BOS,1.0000,TF+1 mee,3737,-0.1029,-0.0018,-0.1011,0.0259,-3.9089,-0.1101,-0.0998,-0.0783,0.2077,-0.1255,-0.0168,0.8000,15,3,3.0000,-0.0976,False,omgekeerd
GBPUSD,M15,BOS,1.0000,TF+1 en TF+2 mee,1167,-0.0608,0.0503,-0.1111,0.0482,-2.3061,-0.0790,-0.1026,-0.1056,0.2077,-0.1412,-0.0051,0.6667,15,1,3.0000,-0.1287,False,omgekeerd
GBPUSD,M15,CHoCH,1.0000,alle,13034,-0.0745,0.0005,-0.0750,0.0133,-5.6300,-0.0672,-0.0587,-0.0696,0.2077,-0.0765,-0.0692,0.9333,15,3,3.0000,-0.1404,False,omgekeerd
GBPUSD,M15,CHoCH,1.0000,displacement,4959,-0.0871,-0.0072,-0.0800,0.0211,-3.7818,-0.0787,-0.0623,-0.0973,0.2077,-0.0841,-0.0645,0.9333,15,3,3.0000,-0.1289,False,omgekeerd
GBPUSD,M15,CHoCH,1.0000,MSS,1006,-0.1245,-0.0138,-0.1107,0.0501,-2.2091,-0.0938,-0.0729,-0.0230,0.2077,-0.1237,-0.0666,0.7333,15,1,3.0000,-0.1139,False,omgekeerd
GBPUSD,M15,CHoCH,1.0000,TF+1 mee,3678,-0.0255,0.0190,-0.0445,0.0241,-1.8437,-0.0466,-0.0577,0.0378,0.2077,-0.0446,-0.0441,0.7333,15,2,3.0000,-0.1610,False,omgekeerd
GBPUSD,M15,CHoCH,1.0000,met sweep,11255,-0.0737,0.0042,-0.0779,0.0145,-5.3646,-0.0680,-0.0626,-0.0782,0.2077,-0.0808,-0.0665,0.9333,15,2,3.0000,-0.1396,False,omgekeerd
GBPUSD,M15,sweep_swing,1.0000,alle,33382,0.0016,-0.0089,0.0106,0.0085,1.2410,0.0023,0.0118,0.0316,0.2077,0.0060,0.0297,0.6000,15,0,2.0000,-0.2060,False,mee
GBPUSD,M15,sweep_swing,1.0000,TF+1 mee,9491,0.0194,0.0210,-0.0016,0.0181,-0.0895,0.0023,-0.0038,0.0965,0.2077,-0.0083,0.0267,0.4667,15,1,3.0000,-0.2100,False,omgekeerd
GBPUSD,M15,BOS,3.0000,alle,6319,-0.0801,-0.0001,-0.0799,0.0201,-3.9813,-0.0831,-0.0767,-0.1275,0.2077,-0.0696,-0.1202,0.9333,15,3,3.0000,-0.1245,False,omgekeerd
GBPUSD,M15,BOS,3.0000,displacement,3034,-0.0872,-0.0051,-0.0821,0.0268,-3.0596,-0.0967,-0.0836,-0.1455,0.2077,-0.0597,-0.1790,0.8000,15,1,3.0000,-0.1109,False,omgekeerd
GBPUSD,M15,BOS,3.0000,TF+1 mee,1796,-0.0724,0.0232,-0.0956,0.0358,-2.6692,-0.0739,-0.0772,-0.0098,0.2077,-0.0699,-0.1883,0.7333,15,2,3.0000,-0.1337,False,omgekeerd
GBPUSD,M15,BOS,3.0000,TF+1 en TF+2 mee,606,-0.0600,-0.0269,-0.0331,0.0588,-0.5635,-0.0756,-0.0339,0.2297,0.2077,-0.0214,-0.0764,0.6000,15,3,3.0000,-0.1321,False,omgekeerd
GBPUSD,M15,CHoCH,3.0000,alle,6133,-0.0841,-0.0023,-0.0818,0.0184,-4.4335,-0.0832,-0.0723,-0.0718,0.2077,-0.0967,-0.0273,0.8667,15,3,3.0000,-0.1244,False,omgekeerd
GBPUSD,M15,CHoCH,3.0000,displacement,2821,-0.0498,0.0024,-0.0522,0.0273,-1.9145,-0.0538,-0.0412,-0.0505,0.2077,-0.0471,-0.0719,0.6667,15,1,3.0000,-0.1539,False,omgekeerd
GBPUSD,M15,CHoCH,3.0000,MSS,896,-0.0963,-0.0205,-0.0758,0.0503,-1.5064,-0.0549,-0.0293,-0.1503,0.2077,-0.0441,-0.1961,0.6667,15,2,3.0000,-0.1528,False,omgekeerd
GBPUSD,M15,CHoCH,3.0000,TF+1 mee,1725,-0.0684,0.0069,-0.0753,0.0375,-2.0091,-0.0993,-0.0925,-0.0496,0.2077,-0.0919,-0.0175,0.7333,15,1,3.0000,-0.1083,False,omgekeerd
GBPUSD,M15,CHoCH,3.0000,met sweep,4448,-0.0810,0.0097,-0.0906,0.0216,-4.2031,-0.0776,-0.0730,-0.1070,0.2077,-0.1049,-0.0381,0.8000,15,3,3.0000,-0.1300,False,omgekeerd
GBPUSD,M15,sweep_swing,3.0000,alle,14163,-0.0061,-0.0034,-0.0026,0.0125,-0.2109,0.0063,0.0116,-0.0439,0.2077,-0.0089,0.0233,0.5333,15,2,1.0000,-0.2140,False,omgekeerd
GBPUSD,M15,sweep_swing,3.0000,TF+1 mee,4054,-0.0004,0.0165,-0.0169,0.0247,-0.6863,0.0033,0.0032,-0.0257,0.2077,-0.0294,0.0356,0.6000,15,0,3.0000,-0.2110,False,omgekeerd
GBPUSD,M15,BOS,5.0000,alle,4217,-0.0687,0.0123,-0.0810,0.0247,-3.2798,-0.0764,-0.0745,-0.1730,0.2077,-0.0555,-0.1772,0.8667,15,3,3.0000,-0.1312,False,omgekeerd
GBPUSD,M15,BOS,5.0000,displacement,2223,-0.0750,0.0117,-0.0867,0.0319,-2.7208,-0.0947,-0.0829,-0.2296,0.2077,-0.0582,-0.2096,0.8000,15,1,3.0000,-0.1130,False,omgekeerd
GBPUSD,M15,BOS,5.0000,TF+1 mee,1357,-0.0373,0.0142,-0.0515,0.0442,-1.1666,-0.0365,-0.0243,-0.0727,0.2077,-0.0428,-0.0826,0.6000,15,1,3.0000,-0.1711,False,omgekeerd
GBPUSD,M15,BOS,5.0000,TF+1 en TF+2 mee,462,-0.0006,0.0388,-0.0394,0.0699,-0.5645,-0.0169,-0.0328,0.0040,0.2077,-0.0432,-0.0280,0.6000,15,2,3.0000,-0.1908,False,omgekeerd
GBPUSD,M15,CHoCH,5.0000,alle,4072,-0.0913,-0.0023,-0.0890,0.0230,-3.8666,-0.0966,-0.0726,-0.1551,0.2077,-0.1145,0.0080,0.7333,15,3,3.0000,-0.1110,False,omgekeerd
GBPUSD,M15,CHoCH,5.0000,displacement,2016,-0.0600,0.0145,-0.0745,0.0323,-2.3052,-0.0577,-0.0480,-0.1259,0.2077,-0.0809,-0.0491,0.8000,15,2,3.0000,-0.1500,False,omgekeerd
GBPUSD,M15,CHoCH,5.0000,MSS,749,-0.0968,0.0586,-0.1554,0.0542,-2.8687,-0.0829,-0.1051,-0.1180,0.2077,-0.1140,-0.3151,0.6667,15,1,3.0000,-0.1248,False,omgekeerd
GBPUSD,M15,CHoCH,5.0000,TF+1 mee,939,-0.1334,-0.0076,-0.1258,0.0491,-2.5642,-0.1344,-0.1046,-0.1383,0.2077,-0.1938,0.1317,0.6667,15,1,3.0000,-0.0732,False,omgekeerd
GBPUSD,M15,CHoCH,5.0000,met sweep,2329,-0.0688,0.0005,-0.0693,0.0300,-2.3066,-0.0723,-0.0474,-0.0846,0.2077,-0.0901,0.0043,0.7333,15,2,3.0000,-0.1353,False,omgekeerd
GBPUSD,M15,sweep_swing,5.0000,alle,8551,-0.0077,-0.0153,0.0076,0.0160,0.4728,-0.0064,0.0102,-0.0664,0.2077,0.0099,-0.0020,0.4667,15,0,2.0000,-0.2154,False,mee
GBPUSD,M15,sweep_swing,5.0000,TF+1 mee,2443,-0.0263,0.0047,-0.0310,0.0318,-0.9768,-0.0269,-0.0107,-0.0298,0.2077,-0.0455,0.0259,0.6000,15,1,3.0000,-0.1808,False,omgekeerd
GBPUSD,M15,sweep_dag,,alle,1423,-0.0006,0.0381,-0.0387,0.0402,-0.9623,0.0019,-0.0110,-0.0178,0.2077,-0.0381,-0.0412,0.6667,15,0,,-0.2096,False,omgekeerd
GBPUSD,M15,sweep_dag,,TF+1 mee,295,-0.0395,0.0382,-0.0777,0.0865,-0.8989,-0.0450,-0.0351,-0.1589,0.2077,-0.0674,-0.1209,0.7692,13,0,,-0.1626,False,omgekeerd
GBPUSD,M15,sweep_azie,,alle,2271,0.0356,-0.0120,0.0476,0.0314,1.5176,0.0083,0.0294,-0.0084,0.2077,0.0541,0.0224,0.5333,15,0,,-0.1720,False,mee
GBPUSD,M15,sweep_azie,,TF+1 mee,680,0.1037,0.0120,0.0917,0.0620,1.4802,0.0408,0.0352,0.0627,0.2077,0.1052,0.0424,0.5333,15,0,,-0.1039,False,mee
GBPUSD,M15,FVG_vorming,,alle,62446,-0.0654,-0.0133,-0.0521,0.0070,-7.4320,-0.0608,-0.0469,-0.0694,0.2077,-0.0569,-0.0342,0.9333,15,0,,-0.1468,False,omgekeerd
GBPUSD,M15,FVG_vorming,,TF+1 mee,17723,-0.0529,0.0170,-0.0699,0.0136,-5.1222,-0.0613,-0.0613,-0.0484,0.2077,-0.0742,-0.0548,0.9333,15,0,,-0.1463,False,omgekeerd
GBPUSD,M15,FVG_retest,,TF+1 mee,14410,-0.0211,0.0039,-0.0250,0.0145,-1.7254,-0.0466,-0.0389,-0.0047,0.2077,-0.0258,-0.0222,0.6000,15,0,,-0.1610,False,omgekeerd
GBPUSD,M15,FVG_inverse,,alle,37437,-0.0792,-0.0111,-0.0681,0.0080,-8.4862,-0.0811,-0.0709,-0.0449,0.2077,-0.0731,-0.0496,0.9333,15,0,,-0.1266,False,omgekeerd
GBPUSD,H1,BOS,1.0000,alle,3370,-0.0189,-0.0387,0.0198,0.0276,0.7193,-0.0368,0.0082,-0.0851,0.0966,0.0086,0.0621,0.6000,15,0,3.0000,-0.1155,False,mee
GBPUSD,H1,BOS,1.0000,displacement,1462,-0.0197,-0.0134,-0.0063,0.0407,-0.1547,-0.0410,-0.0067,-0.0677,0.0966,-0.0158,0.0329,0.5333,15,1,2.0000,-0.0555,False,omgekeerd
GBPUSD,H1,BOS,1.0000,TF+1 mee,1037,-0.0099,-0.0319,0.0221,0.0492,0.4488,-0.0241,0.0070,-0.0247,0.0966,0.0372,-0.0300,0.5333,15,0,3.0000,-0.1064,False,mee
GBPUSD,H1,BOS,1.0000,TF+1 en TF+2 mee,326,-0.0570,0.0004,-0.0574,0.0909,-0.6312,-0.0552,-0.0405,-0.0535,0.0966,-0.0443,-0.0940,0.6667,15,0,2.0000,-0.0414,False,omgekeerd
GBPUSD,H1,CHoCH,1.0000,alle,3071,-0.0419,-0.0123,-0.0296,0.0275,-1.0786,-0.0655,-0.0358,-0.0039,0.0966,-0.0313,-0.0233,0.5333,15,2,1.0000,-0.0311,False,omgekeerd
GBPUSD,H1,CHoCH,1.0000,displacement,1290,-0.0488,0.0046,-0.0534,0.0434,-1.2327,-0.0775,-0.0338,0.0299,0.0966,-0.0700,0.0115,0.6000,15,0,1.0000,-0.0191,False,omgekeerd
GBPUSD,H1,CHoCH,1.0000,MSS,211,-0.0900,-0.0118,-0.0782,0.1010,-0.7739,-0.1090,-0.0559,-0.2021,0.0966,-0.0019,-0.3240,0.5833,12,0,1.0000,0.0124,False,omgekeerd
GBPUSD,H1,CHoCH,1.0000,TF+1 mee,958,-0.0292,-0.0165,-0.0127,0.0477,-0.2665,-0.0564,-0.0150,0.1549,0.0966,-0.0067,-0.0340,0.6667,15,4,1.0000,-0.0402,False,omgekeerd
GBPUSD,H1,CHoCH,1.0000,met sweep,2636,-0.0488,-0.0044,-0.0444,0.0294,-1.5098,-0.0660,-0.0366,-0.0508,0.0966,-0.0473,-0.0332,0.6000,15,2,3.0000,-0.0306,False,omgekeerd
GBPUSD,H1,sweep_swing,1.0000,alle,8917,-0.0392,-0.0155,-0.0237,0.0163,-1.4535,-0.0438,-0.0164,-0.0565,0.0966,-0.0088,-0.0817,0.6667,15,0,3.0000,-0.0527,False,omgekeerd
GBPUSD,H1,sweep_swing,1.0000,TF+1 mee,2786,-0.0334,-0.0035,-0.0299,0.0331,-0.9014,-0.0432,-0.0321,0.0009,0.0966,-0.0143,-0.0868,0.6667,15,1,3.0000,-0.0534,False,omgekeerd
GBPUSD,H1,BOS,3.0000,alle,1529,-0.0011,-0.0167,0.0156,0.0420,0.3712,-0.0438,-0.0177,0.0540,0.0966,0.0237,-0.0118,0.4000,15,0,3.0000,-0.0977,False,mee
GBPUSD,H1,BOS,3.0000,displacement,873,-0.0512,-0.0030,-0.0481,0.0538,-0.8942,-0.0997,-0.0714,0.0749,0.0966,-0.0235,-0.1508,0.6667,15,0,2.0000,0.0031,False,omgekeerd
GBPUSD,H1,BOS,3.0000,TF+1 mee,516,0.0143,0.0129,0.0014,0.0702,0.0202,-0.0659,-0.0372,0.0320,0.0966,0.0135,-0.0383,0.4667,15,1,3.0000,-0.0822,False,mee
GBPUSD,H1,BOS,3.0000,TF+1 en TF+2 mee,170,-0.0212,0.0086,-0.0298,0.1286,-0.2315,-0.1059,-0.0706,-0.0478,0.0966,0.0372,-0.2000,0.7000,10,0,2.0000,0.0093,False,omgekeerd
GBPUSD,H1,CHoCH,3.0000,alle,1513,-0.0284,-0.0363,0.0078,0.0402,0.1947,-0.0416,0.0093,-0.0748,0.0966,0.0225,-0.0509,0.4667,15,1,2.0000,-0.1250,False,mee
GBPUSD,H1,CHoCH,3.0000,displacement,751,0.0306,-0.0265,0.0571,0.0599,0.9544,-0.0226,0.0378,-0.0788,0.0966,0.0508,0.0870,0.5333,15,1,2.0000,-0.0660,False,mee
GBPUSD,H1,CHoCH,3.0000,MSS,193,0.0881,-0.0569,0.1450,0.1159,1.2507,0.0155,0.0808,0.1712,0.0966,0.1947,-0.0649,0.6000,10,1,2.0000,-0.0085,False,mee
GBPUSD,H1,CHoCH,3.0000,TF+1 mee,450,-0.0200,-0.0358,0.0158,0.0706,0.2231,-0.0444,-0.0071,0.2170,0.0966,-0.0070,0.1032,0.4000,15,0,2.0000,-0.1166,False,mee
GBPUSD,H1,CHoCH,3.0000,met sweep,1011,-0.0534,-0.0280,-0.0254,0.0486,-0.5225,-0.0584,-0.0116,-0.1054,0.0966,0.0007,-0.1247,0.6000,15,2,3.0000,-0.0382,False,omgekeerd
GBPUSD,H1,sweep_swing,3.0000,alle,3624,-0.0376,-0.0269,-0.0108,0.0244,-0.4408,-0.0475,0.0065,-0.0424,0.0966,0.0244,-0.1487,0.6000,15,0,3.0000,-0.0491,False,omgekeerd
GBPUSD,H1,sweep_swing,3.0000,TF+1 mee,1156,-0.0849,-0.0103,-0.0746,0.0462,-1.6156,-0.0591,-0.0283,-0.0188,0.0966,-0.0428,-0.2020,0.7333,15,1,3.0000,-0.0375,False,omgekeerd
GBPUSD,H1,BOS,5.0000,alle,1115,0.0322,0.0112,0.0211,0.0478,0.4405,-0.0063,0.0257,0.0966,0.0966,0.0331,-0.0227,0.5333,15,1,3.0000,-0.0644,False,mee
GBPUSD,H1,BOS,5.0000,displacement,671,0.0491,-0.0178,0.0669,0.0609,1.0982,-0.0015,0.0534,0.0780,0.0966,0.1114,-0.1199,0.5333,15,1,1.0000,-0.0475,False,mee
GBPUSD,H1,BOS,5.0000,TF+1 mee,457,0.0897,0.0096,0.0801,0.0766,1.0453,-0.0328,-0.0200,0.2334,0.0966,0.0648,0.1348,0.5333,15,1,3.0000,-0.0069,False,mee
GBPUSD,H1,BOS,5.0000,TF+1 en TF+2 mee,139,0.1223,-0.0708,0.1931,0.1283,1.5048,-0.0216,0.0520,0.5470,0.0966,0.1944,0.1895,0.8571,7,2,1.0000,0.0257,False,mee
GBPUSD,H1,CHoCH,5.0000,alle,1015,0.0197,0.0138,0.0059,0.0472,0.1256,-0.0483,-0.0363,0.0095,0.0966,-0.0029,0.0426,0.4000,15,0,2.0000,-0.0769,False,mee
GBPUSD,H1,CHoCH,5.0000,displacement,585,0.0667,0.0023,0.0643,0.0602,1.0691,-0.0291,0.0062,0.1027,0.0966,0.0109,0.3057,0.6000,15,0,2.0000,-0.0299,False,mee
GBPUSD,H1,CHoCH,5.0000,MSS,182,0.1209,0.0427,0.0782,0.1176,0.6649,0.0110,0.0044,0.1340,0.0966,0.0643,0.1615,0.5556,9,0,2.0000,0.0243,False,mee
GBPUSD,H1,CHoCH,5.0000,TF+1 mee,209,0.0909,-0.1122,0.2031,0.1117,1.8192,-0.0335,0.0096,0.3420,0.0966,0.1966,0.2235,0.6364,11,0,2.0000,-0.0057,False,mee
GBPUSD,H1,CHoCH,5.0000,met sweep,510,-0.0118,0.0146,-0.0264,0.0660,-0.3994,-0.0431,-0.0439,-0.1807,0.0966,-0.0198,-0.0519,0.4667,15,0,3.0000,-0.0534,False,omgekeerd
GBPUSD,H1,sweep_swing,5.0000,alle,2161,0.0003,0.0018,-0.0015,0.0307,-0.0486,-0.0292,-0.0071,-0.0121,0.0966,0.0335,-0.1370,0.5333,15,0,3.0000,-0.0674,False,omgekeerd
GBPUSD,H1,sweep_swing,5.0000,TF+1 mee,673,-0.0566,0.0124,-0.0690,0.0593,-1.1642,-0.0733,-0.0766,0.0220,0.0966,-0.0849,-0.0045,0.7333,15,0,3.0000,-0.0233,False,omgekeerd
GBPUSD,H1,sweep_dag,,alle,1467,-0.0607,-0.0280,-0.0327,0.0384,-0.8519,-0.0550,-0.0158,0.0104,0.0966,-0.0225,-0.0720,0.6667,15,0,,-0.0416,False,omgekeerd
GBPUSD,H1,sweep_dag,,TF+1 mee,434,-0.0240,0.0217,-0.0458,0.0783,-0.5842,-0.0138,0.0092,0.2267,0.0966,-0.0098,-0.1934,0.5333,15,0,,-0.0828,False,omgekeerd
GBPUSD,H1,sweep_azie,,alle,2348,0.0179,-0.0348,0.0527,0.0305,1.7275,-0.0417,0.0240,-0.1586,0.0966,0.0691,-0.0120,0.6000,15,0,,-0.0787,False,mee
GBPUSD,H1,sweep_azie,,TF+1 mee,737,-0.0086,-0.0085,-0.0001,0.0578,-0.0013,-0.0588,-0.0172,-0.1046,0.0966,0.0235,-0.0914,0.6000,15,0,,-0.0378,False,omgekeerd
GBPUSD,H1,sweep_week,,alle,282,-0.0307,-0.0028,-0.0279,0.0973,-0.2863,-0.0768,-0.0697,-0.2348,0.0966,-0.0627,0.0984,0.5714,14,0,,-0.0198,False,omgekeerd
GBPUSD,H1,sweep_week,,TF+1 mee,43,0.1163,0.0186,0.0977,0.2480,0.3939,0.0233,-0.0930,0.1079,0.0966,0.0529,,,0,0,,0.0197,False,mee
GBPUSD,H1,FVG_vorming,,alle,14525,-0.0211,-0.0157,-0.0054,0.0145,-0.3752,-0.0211,0.0049,-0.0150,0.0966,-0.0083,0.0053,0.4667,15,0,,-0.0755,False,omgekeerd
GBPUSD,H1,FVG_vorming,,TF+1 mee,4588,-0.0404,-0.0173,-0.0231,0.0277,-0.8367,-0.0284,-0.0043,0.0468,0.0966,-0.0323,0.0094,0.6000,15,0,,-0.0682,False,omgekeerd
GBPUSD,H1,FVG_retest,,TF+1 mee,3616,0.0086,-0.0225,0.0312,0.0305,1.0207,-0.0277,0.0038,0.0536,0.0966,0.0089,0.1113,0.6667,15,0,,-0.0879,False,mee
GBPUSD,H1,FVG_inverse,,alle,8505,-0.0392,-0.0096,-0.0296,0.0172,-1.7251,-0.0606,-0.0307,-0.0117,0.0966,-0.0330,-0.0171,0.6667,15,0,,-0.0360,False,omgekeerd
GBPUSD,H4,BOS,1.0000,alle,884,0.0727,0.0154,0.0573,0.0559,1.0252,0.0294,0.0388,0.0495,0.0465,0.0327,0.1404,0.6667,15,0,2.0000,0.0263,False,mee
GBPUSD,H4,BOS,1.0000,displacement,354,0.0424,0.0088,0.0336,0.0835,0.4022,0.0000,0.0232,-0.0491,0.0465,-0.0168,0.2308,0.4667,15,1,3.0000,-0.0041,False,mee
GBPUSD,H4,BOS,1.0000,TF+1 mee,278,0.1610,0.0116,0.1494,0.1064,1.4038,0.0360,0.0590,0.2845,0.0465,0.1439,0.1636,0.6429,14,0,2.0000,0.1145,False,mee
GBPUSD,H4,BOS,1.0000,TF+1 en TF+2 mee,83,0.1205,0.0771,0.0434,0.2198,0.1973,0.0120,-0.0386,0.1364,0.0465,-0.0588,0.2062,0.5000,2,0,3.0000,0.0740,False,mee
GBPUSD,H4,CHoCH,1.0000,alle,788,-0.0452,-0.0473,0.0021,0.0531,0.0401,-0.0406,-0.0077,-0.0906,0.0465,-0.0332,0.1364,0.5333,15,0,3.0000,-0.0916,False,mee
GBPUSD,H4,CHoCH,1.0000,displacement,343,-0.0029,-0.0047,0.0017,0.0796,0.0220,-0.0496,-0.0478,-0.0067,0.0465,-0.0131,0.0618,0.4667,15,0,2.0000,-0.0494,False,mee
GBPUSD,H4,CHoCH,1.0000,MSS,60,-0.2500,-0.0900,-0.1600,0.1741,-0.9193,-0.2667,-0.2333,-0.4296,0.0465,-0.1125,,,0,0,3.0000,0.2202,False,omgekeerd
GBPUSD,H4,CHoCH,1.0000,TF+1 mee,248,-0.0467,0.1254,-0.1721,0.0896,-1.9205,-0.0242,-0.0677,-0.0317,0.0465,-0.1818,-0.1318,0.7692,13,0,1.0000,-0.0223,False,omgekeerd
GBPUSD,H4,CHoCH,1.0000,met sweep,657,-0.1105,-0.0363,-0.0742,0.0569,-1.3022,-0.0594,-0.0373,-0.1427,0.0465,-0.1124,0.0646,0.7333,15,0,2.0000,0.0129,False,omgekeerd
GBPUSD,H4,sweep_swing,1.0000,alle,2177,0.0248,-0.0063,0.0311,0.0293,1.0623,0.0041,0.0243,-0.0022,0.0465,0.0489,-0.0383,0.6667,15,0,1.0000,-0.0216,False,mee
GBPUSD,H4,sweep_swing,1.0000,TF+1 mee,649,-0.0062,0.0117,-0.0179,0.0630,-0.2837,-0.0200,-0.0025,0.0688,0.0465,-0.0392,0.0648,0.5333,15,1,3.0000,-0.0264,False,omgekeerd
GBPUSD,H4,BOS,3.0000,alle,540,0.0500,-0.0179,0.0679,0.0696,0.9761,0.0333,0.0730,0.1762,0.0465,0.0533,0.1320,0.6000,15,0,2.0000,0.0035,False,mee
GBPUSD,H4,BOS,3.0000,displacement,275,0.1127,0.0542,0.0586,0.0987,0.5932,0.0545,0.0727,0.1055,0.0465,0.0700,0.0000,0.4167,12,0,3.0000,0.0663,False,mee
GBPUSD,H4,BOS,3.0000,TF+1 mee,161,0.0435,0.0868,-0.0433,0.1178,-0.3679,0.0062,-0.0149,0.3894,0.0465,-0.0756,0.0772,0.2500,8,0,1.0000,-0.0527,False,omgekeerd
GBPUSD,H4,BOS,3.0000,TF+1 en TF+2 mee,47,0.3404,0.1872,0.1532,0.2214,0.6920,0.2340,0.0766,0.4845,0.0465,0.1273,,,0,0,3.0000,0.2940,False,mee
GBPUSD,H4,CHoCH,3.0000,alle,446,-0.0247,-0.0424,0.0177,0.0726,0.2437,-0.0673,-0.0283,-0.1825,0.0465,0.0055,0.0791,0.4000,15,1,3.0000,-0.0711,False,mee
GBPUSD,H4,CHoCH,3.0000,displacement,231,-0.0779,-0.0058,-0.0722,0.0997,-0.7235,-0.1255,-0.0861,-0.2666,0.0465,-0.0812,-0.0182,0.5000,10,1,1.0000,0.0791,False,omgekeerd
GBPUSD,H4,CHoCH,3.0000,MSS,71,-0.1972,-0.0577,-0.1394,0.1852,-0.7530,-0.2113,-0.1493,-0.5178,0.0465,-0.1016,,,0,1,3.0000,0.1648,False,omgekeerd
GBPUSD,H4,CHoCH,3.0000,TF+1 mee,131,0.0992,-0.0121,0.1114,0.1405,0.7926,-0.0382,-0.0031,-0.2263,0.0465,0.1394,-0.0273,0.7500,8,2,2.0000,0.0528,False,mee
GBPUSD,H4,CHoCH,3.0000,met sweep,337,-0.0653,-0.0630,-0.0023,0.0841,-0.0268,-0.0920,-0.0487,-0.2097,0.0465,-0.0190,0.0894,0.6154,13,0,2.0000,0.0455,False,omgekeerd
GBPUSD,H4,sweep_swing,3.0000,alle,982,0.0326,0.0379,-0.0053,0.0473,-0.1123,0.0102,0.0077,0.0616,0.0465,-0.0010,-0.0235,0.4667,15,1,2.0000,-0.0566,False,omgekeerd
GBPUSD,H4,sweep_swing,3.0000,TF+1 mee,301,-0.0532,0.0273,-0.0805,0.0918,-0.8769,-0.0299,-0.0106,0.0502,0.0465,-0.1632,0.2737,0.5714,14,0,3.0000,-0.0166,False,omgekeerd
GBPUSD,H4,BOS,5.0000,alle,382,0.0445,0.0484,-0.0039,0.0838,-0.0463,0.0890,0.0911,0.2889,0.0465,0.0128,-0.0720,0.5714,14,1,1.0000,-0.1355,False,omgekeerd
GBPUSD,H4,BOS,5.0000,displacement,204,0.0441,0.0131,0.0310,0.1173,0.2641,0.0882,0.1039,0.2836,0.0465,0.0519,-0.0667,0.5000,10,1,3.0000,-0.0023,False,mee
GBPUSD,H4,BOS,5.0000,TF+1 mee,105,0.1714,0.0373,0.1342,0.1727,0.7770,0.2000,0.2476,0.7686,0.0465,0.0243,,0.6667,3,2,2.0000,0.1250,False,mee
GBPUSD,H4,BOS,5.0000,TF+1 en TF+2 mee,32,0.1250,-0.0250,0.1500,0.2857,0.5249,0.1875,0.2375,0.6092,0.0465,0.1500,,,0,0,3.0000,0.0785,False,mee
GBPUSD,H4,CHoCH,5.0000,alle,269,0.0818,-0.0761,0.1579,0.0955,1.6526,0.0409,0.1041,0.0944,0.0465,0.1775,0.0720,0.7143,14,1,3.0000,0.0353,False,mee
GBPUSD,H4,CHoCH,5.0000,displacement,146,-0.0137,-0.0671,0.0534,0.1243,0.4299,-0.0548,0.0247,0.0011,0.0465,0.1140,-0.2400,0.6250,8,1,2.0000,-0.0602,False,mee
GBPUSD,H4,CHoCH,5.0000,MSS,54,-0.0556,-0.0444,-0.0111,0.2081,-0.0534,-0.0741,-0.0148,-0.1785,0.0465,0.0522,,0.0000,1,1,3.0000,0.0276,False,omgekeerd
GBPUSD,H4,CHoCH,5.0000,TF+1 mee,83,0.3012,0.0699,0.2313,0.1698,1.3624,0.0120,-0.0096,0.2409,0.0465,0.2294,,1.0000,1,0,2.0000,0.2547,False,mee
GBPUSD,H4,CHoCH,5.0000,met sweep,157,0.0892,-0.0599,0.1490,0.1234,1.2079,-0.0573,-0.0204,0.0987,0.0465,0.1641,0.0828,0.6250,8,0,1.0000,0.0427,False,mee
GBPUSD,H4,sweep_swing,5.0000,alle,520,-0.0192,0.0052,-0.0244,0.0683,-0.3572,-0.0231,-0.0221,0.0704,0.0465,-0.0785,0.1918,0.4667,15,1,2.0000,-0.0234,False,omgekeerd
GBPUSD,H4,sweep_swing,5.0000,TF+1 mee,163,-0.1350,0.0564,-0.1914,0.1193,-1.6045,-0.0184,-0.0417,0.0534,0.0465,-0.2930,0.1941,0.8000,10,1,3.0000,-0.0281,False,omgekeerd
GBPUSD,H4,sweep_week,,alle,273,-0.1280,-0.0182,-0.1098,0.0853,-1.2873,-0.0549,-0.0315,-0.2173,0.0465,-0.1609,0.0972,0.7692,13,0,,0.0085,False,omgekeerd
GBPUSD,H4,sweep_week,,TF+1 mee,84,-0.1429,-0.0714,-0.0714,0.1602,-0.4460,-0.0476,-0.0000,-0.0549,0.0465,-0.1412,,0.0000,1,0,,0.0012,False,omgekeerd
GBPUSD,H4,FVG_vorming,,alle,4012,0.0315,0.0028,0.0287,0.0293,0.9799,0.0110,0.0232,0.0340,0.0465,0.0127,0.0889,0.6000,15,0,,-0.0150,False,mee
GBPUSD,H4,FVG_vorming,,TF+1 mee,1297,0.1050,0.0197,0.0853,0.0540,1.5794,0.0455,0.0213,0.1432,0.0465,0.0508,0.2051,0.6667,15,0,,0.0585,False,mee
GBPUSD,H4,FVG_retest,,TF+1 mee,1023,-0.0095,-0.0283,0.0187,0.0521,0.3595,-0.0225,0.0008,0.0854,0.0465,-0.0277,0.1679,0.4000,15,0,,-0.0560,False,mee
GBPUSD,H4,FVG_inverse,,alle,2263,0.0194,-0.0314,0.0508,0.0330,1.5384,-0.0137,0.0304,-0.0344,0.0465,0.0599,0.0183,0.6667,15,0,,-0.0270,False,mee
XAGUSD,M15,BOS,1.0000,alle,4733,-0.0699,0.0008,-0.0707,0.0227,-3.1151,-0.0604,-0.0503,-0.1218,0.5981,-0.0457,-0.0932,0.8889,9,4,3.0000,-0.5377,False,omgekeerd
XAGUSD,M15,BOS,1.0000,displacement,1920,-0.0665,0.0122,-0.0788,0.0319,-2.4668,-0.0677,-0.0570,-0.1385,0.5981,-0.0499,-0.1077,0.7778,9,2,3.0000,-0.5303,False,omgekeerd
XAGUSD,M15,BOS,1.0000,TF+1 mee,1368,-0.0608,-0.0403,-0.0206,0.0417,-0.4932,-0.0569,-0.0458,0.0224,0.5981,-0.0275,-0.0140,0.4444,9,4,3.0000,-0.5411,False,omgekeerd
XAGUSD,M15,BOS,1.0000,TF+1 en TF+2 mee,435,-0.0852,-0.0303,-0.0548,0.0695,-0.7890,-0.0713,-0.0573,0.2209,0.5981,-0.0741,-0.0334,0.5556,9,2,2.0000,-0.5268,False,omgekeerd
XAGUSD,M15,CHoCH,1.0000,alle,4838,-0.0758,-0.0146,-0.0611,0.0211,-2.8997,-0.0662,-0.0500,-0.0563,0.5981,-0.0569,-0.0650,0.7778,9,3,3.0000,-0.5318,False,omgekeerd
XAGUSD,M15,CHoCH,1.0000,displacement,1877,-0.0534,-0.0046,-0.0488,0.0336,-1.4527,-0.0369,-0.0212,0.0030,0.5981,-0.0547,-0.0430,0.7778,9,3,2.0000,-0.5612,False,omgekeerd
XAGUSD,M15,CHoCH,1.0000,MSS,395,-0.0077,-0.0168,0.0090,0.0828,0.1093,-0.0278,-0.0402,0.2481,0.5981,0.0924,-0.0667,0.5556,9,0,1.0000,-0.6058,False,mee
XAGUSD,M15,CHoCH,1.0000,TF+1 mee,1403,-0.0559,0.0245,-0.0804,0.0411,-1.9575,-0.0435,-0.0481,-0.0277,0.5981,-0.1030,-0.0602,0.7778,9,2,3.0000,-0.5546,False,omgekeerd
XAGUSD,M15,CHoCH,1.0000,met sweep,4056,-0.0738,-0.0157,-0.0581,0.0231,-2.5122,-0.0635,-0.0504,-0.0435,0.5981,-0.0510,-0.0644,0.7778,9,2,3.0000,-0.5345,False,omgekeerd
XAGUSD,M15,sweep_swing,1.0000,alle,11868,-0.0222,-0.0185,-0.0037,0.0133,-0.2749,-0.0164,0.0031,0.0013,0.5981,0.0072,-0.0140,0.5556,9,1,2.0000,-0.5817,False,omgekeerd
XAGUSD,M15,sweep_swing,1.0000,TF+1 mee,3475,-0.0449,-0.0069,-0.0380,0.0298,-1.2769,-0.0310,-0.0290,0.0389,0.5981,-0.0640,-0.0132,0.5556,9,0,2.0000,-0.5671,False,omgekeerd
XAGUSD,M15,BOS,3.0000,alle,2332,-0.0594,-0.0164,-0.0431,0.0320,-1.3474,-0.0382,-0.0176,-0.0429,0.5981,-0.0001,-0.0874,0.7778,9,3,3.0000,-0.5599,False,omgekeerd
XAGUSD,M15,BOS,3.0000,displacement,1180,-0.0218,-0.0038,-0.0180,0.0452,-0.3979,-0.0051,0.0001,-0.0681,0.5981,0.0393,-0.0805,0.6667,9,2,3.0000,-0.5930,False,omgekeerd
XAGUSD,M15,BOS,3.0000,TF+1 mee,825,-0.0145,0.0060,-0.0205,0.0545,-0.3755,-0.0122,-0.0040,0.0726,0.5981,0.0105,-0.0661,0.5556,9,3,3.0000,-0.5859,False,omgekeerd
XAGUSD,M15,BOS,3.0000,TF+1 en TF+2 mee,314,0.0549,-0.0550,0.1100,0.0824,1.3340,0.0446,0.0559,0.2227,0.5981,0.1113,0.1079,0.6667,9,0,1.0000,-0.5431,False,mee
XAGUSD,M15,CHoCH,3.0000,alle,2363,-0.1000,-0.0163,-0.0836,0.0303,-2.7588,-0.0723,-0.0461,-0.1613,0.5981,-0.1133,-0.0550,1.0000,9,3,3.0000,-0.5258,False,omgekeerd
XAGUSD,M15,CHoCH,3.0000,displacement,1121,-0.0031,-0.0115,0.0084,0.0445,0.1897,0.0035,0.0298,-0.1272,0.5981,-0.0445,0.0580,0.7778,9,0,1.0000,-0.6011,False,mee
XAGUSD,M15,CHoCH,3.0000,MSS,377,-0.0964,-0.0564,-0.0401,0.0719,-0.5573,-0.0822,-0.0383,-0.2884,0.5981,0.0243,-0.1055,0.5556,9,3,2.0000,-0.5158,False,omgekeerd
XAGUSD,M15,CHoCH,3.0000,TF+1 mee,607,-0.1176,-0.0000,-0.1175,0.0614,-1.9153,-0.0563,-0.0463,-0.1818,0.5981,-0.1855,-0.0716,0.8750,8,1,3.0000,-0.5417,False,omgekeerd
XAGUSD,M15,CHoCH,3.0000,met sweep,1642,-0.0941,-0.0137,-0.0803,0.0389,-2.0640,-0.0798,-0.0504,-0.1017,0.5981,-0.0948,-0.0664,0.7778,9,3,3.0000,-0.5183,False,omgekeerd
XAGUSD,M15,sweep_swing,3.0000,alle,5214,-0.0324,0.0008,-0.0332,0.0207,-1.6019,-0.0216,-0.0127,0.0340,0.5981,-0.0041,-0.0629,0.6667,9,1,2.0000,-0.5765,False,omgekeerd
XAGUSD,M15,sweep_swing,3.0000,TF+1 mee,1544,-0.0273,-0.0189,-0.0084,0.0403,-0.2088,-0.0207,0.0019,0.0876,0.5981,0.0030,-0.0206,0.5556,9,0,2.0000,-0.5773,False,omgekeerd
XAGUSD,M15,BOS,5.0000,alle,1595,-0.0875,-0.0163,-0.0712,0.0371,-1.9190,-0.0513,-0.0347,0.0587,0.5981,0.0006,-0.1454,0.6667,9,3,3.0000,-0.5467,False,omgekeerd
XAGUSD,M15,BOS,5.0000,displacement,860,-0.0233,-0.0102,-0.0130,0.0481,-0.2711,-0.0256,-0.0106,-0.0005,0.5981,0.0774,-0.1060,0.4444,9,2,3.0000,-0.5725,False,omgekeerd
XAGUSD,M15,BOS,5.0000,TF+1 mee,580,-0.0628,-0.0300,-0.0328,0.0636,-0.5147,-0.0497,-0.0093,0.0581,0.5981,0.0588,-0.1329,0.6667,9,2,3.0000,-0.5483,False,omgekeerd
XAGUSD,M15,BOS,5.0000,TF+1 en TF+2 mee,205,0.0305,0.0503,-0.0198,0.1032,-0.1919,-0.0146,-0.0795,0.3358,0.5981,0.0369,-0.0967,0.5556,9,2,2.0000,-0.5834,False,omgekeerd
XAGUSD,M15,CHoCH,5.0000,alle,1561,-0.1214,-0.0132,-0.1082,0.0370,-2.9253,-0.0707,-0.0501,-0.1253,0.5981,-0.0287,-0.1810,0.7778,9,3,3.0000,-0.5274,False,omgekeerd
XAGUSD,M15,CHoCH,5.0000,displacement,774,-0.0520,-0.0175,-0.0344,0.0504,-0.6828,-0.0321,-0.0224,-0.1298,0.5981,0.0318,-0.0935,0.6667,9,3,2.0000,-0.5660,False,omgekeerd
XAGUSD,M15,CHoCH,5.0000,MSS,306,-0.0510,-0.0365,-0.0145,0.0862,-0.1685,-0.0065,0.0057,-0.0643,0.5981,0.2166,-0.2427,0.5556,9,2,2.0000,-0.5915,False,omgekeerd
XAGUSD,M15,CHoCH,5.0000,TF+1 mee,324,-0.0803,-0.0024,-0.0779,0.0798,-0.9765,-0.0959,-0.1161,0.0162,0.5981,0.0593,-0.1977,0.7500,8,2,3.0000,-0.5021,False,omgekeerd
XAGUSD,M15,CHoCH,5.0000,met sweep,908,-0.1379,-0.0109,-0.1269,0.0487,-2.6044,-0.0780,-0.0548,-0.0587,0.5981,-0.0762,-0.1725,0.7778,9,2,3.0000,-0.5201,False,omgekeerd
XAGUSD,M15,sweep_swing,5.0000,alle,3170,0.0012,-0.0250,0.0262,0.0264,0.9913,-0.0140,0.0176,0.0429,0.5981,0.0753,-0.0256,0.5556,9,0,1.0000,-0.5969,False,mee
XAGUSD,M15,sweep_swing,5.0000,TF+1 mee,950,0.0312,-0.0102,0.0413,0.0508,0.8127,-0.0253,-0.0238,0.0053,0.5981,0.1456,-0.0722,0.5556,9,1,1.0000,-0.5669,False,mee
XAGUSD,M15,sweep_dag,,alle,758,0.0041,-0.0189,0.0230,0.0578,0.3972,0.0064,0.0355,-0.0984,0.5981,0.0535,-0.0217,0.4444,9,0,,-0.5940,False,mee
XAGUSD,M15,sweep_dag,,TF+1 mee,146,-0.0611,-0.0812,0.0201,0.1194,0.1682,0.0411,0.1191,0.0667,0.5981,0.1454,-0.1496,0.5000,6,0,,-0.6591,False,mee
XAGUSD,M15,sweep_azie,,alle,1085,0.0287,-0.0294,0.0582,0.0491,1.1840,0.0023,0.0316,0.1741,0.5981,0.0280,0.1062,0.5556,9,0,,-0.5693,False,mee
XAGUSD,M15,sweep_azie,,TF+1 mee,366,-0.0203,0.0443,-0.0647,0.0818,-0.7901,-0.0197,-0.0267,0.2653,0.5981,-0.1722,0.1109,0.5556,9,0,,-0.5784,False,omgekeerd
XAGUSD,M15,FVG_vorming,,alle,25078,-0.0534,-0.0178,-0.0356,0.0118,-3.0293,-0.0445,-0.0281,-0.0118,0.5981,-0.0157,-0.0556,0.7778,9,0,,-0.5535,False,omgekeerd
XAGUSD,M15,FVG_vorming,,TF+1 mee,7344,-0.0347,0.0037,-0.0384,0.0214,-1.7914,-0.0328,-0.0275,0.0580,0.5981,-0.0273,-0.0492,0.6667,9,0,,-0.5652,False,omgekeerd
XAGUSD,M15,FVG_retest,,TF+1 mee,5899,-0.0137,-0.0087,-0.0050,0.0225,-0.2207,-0.0449,-0.0370,0.0086,0.5981,-0.0233,0.0131,0.5556,9,0,,-0.5532,False,omgekeerd
XAGUSD,M15,FVG_inverse,,alle,14806,-0.0306,-0.0174,-0.0132,0.0138,-0.9532,-0.0381,-0.0219,-0.0507,0.5981,-0.0260,-0.0007,0.8889,9,0,,-0.5600,False,omgekeerd
XAGUSD,H1,BOS,1.0000,alle,1472,-0.0552,-0.0274,-0.0278,0.0428,-0.6493,-0.0530,-0.0185,0.0820,0.3026,-0.0618,0.0189,0.4444,9,1,2.0000,-0.2496,False,omgekeerd
XAGUSD,H1,BOS,1.0000,displacement,629,0.0159,-0.0334,0.0493,0.0628,0.7848,-0.0207,0.0199,0.2442,0.3026,0.0407,0.0609,0.3333,9,0,3.0000,-0.2867,False,mee
XAGUSD,H1,BOS,1.0000,TF+1 mee,455,-0.0862,0.0290,-0.1152,0.0756,-1.5232,-0.0286,-0.0273,0.3054,0.3026,-0.1889,-0.0170,0.5556,9,1,2.0000,-0.2740,False,omgekeerd
XAGUSD,H1,BOS,1.0000,TF+1 en TF+2 mee,116,-0.0690,0.0293,-0.0983,0.1672,-0.5878,-0.1379,-0.1138,0.5667,0.3026,0.0102,-0.2105,0.5000,6,0,1.0000,-0.1646,False,omgekeerd
XAGUSD,H1,CHoCH,1.0000,alle,1495,-0.1182,-0.0206,-0.0976,0.0374,-2.6090,-0.0876,-0.0567,-0.0741,0.3026,-0.0893,-0.1086,0.8889,9,2,3.0000,-0.2149,False,omgekeerd
XAGUSD,H1,CHoCH,1.0000,displacement,583,-0.0625,-0.0071,-0.0555,0.0640,-0.8662,-0.0600,-0.0305,-0.0344,0.3026,-0.0210,-0.1079,0.6667,9,1,2.0000,-0.2425,False,omgekeerd
XAGUSD,H1,CHoCH,1.0000,MSS,91,-0.1758,-0.1099,-0.0659,0.1564,-0.4216,-0.1648,-0.0484,0.0839,0.3026,-0.0095,-0.1929,0.7500,4,0,1.0000,-0.1377,False,omgekeerd
XAGUSD,H1,CHoCH,1.0000,TF+1 mee,426,-0.0704,0.0081,-0.0785,0.0767,-1.0232,-0.0469,-0.0368,-0.3336,0.3026,-0.0540,-0.1137,0.6667,9,3,3.0000,-0.2556,False,omgekeerd
XAGUSD,H1,CHoCH,1.0000,met sweep,1293,-0.1104,-0.0182,-0.0922,0.0413,-2.2318,-0.0704,-0.0393,-0.0882,0.3026,-0.0793,-0.1094,0.7778,9,2,3.0000,-0.2322,False,omgekeerd
XAGUSD,H1,sweep_swing,1.0000,alle,4068,-0.0145,-0.0159,0.0014,0.0225,0.0617,-0.0173,0.0086,-0.0757,0.3026,-0.0167,0.0279,0.5556,9,1,3.0000,-0.3171,False,mee
XAGUSD,H1,sweep_swing,1.0000,TF+1 mee,1166,-0.0619,0.0142,-0.0760,0.0479,-1.5870,-0.0214,-0.0045,-0.1121,0.3026,-0.1321,0.0026,0.7778,9,0,3.0000,-0.2811,False,omgekeerd
XAGUSD,H1,BOS,3.0000,alle,748,-0.0294,-0.0233,-0.0061,0.0581,-0.1042,-0.0775,-0.0450,0.1253,0.3026,-0.0467,0.0466,0.6667,9,1,2.0000,-0.2250,False,omgekeerd
XAGUSD,H1,BOS,3.0000,displacement,392,0.0026,-0.0554,0.0580,0.0792,0.7317,-0.0612,-0.0078,0.2519,0.3026,0.0491,0.0698,0.5556,9,0,3.0000,-0.3000,False,mee
XAGUSD,H1,BOS,3.0000,TF+1 mee,248,-0.0200,0.0357,-0.0558,0.0996,-0.5600,-0.0484,-0.0723,0.3037,0.3026,-0.2106,0.1772,0.4444,9,0,2.0000,-0.2542,False,omgekeerd
XAGUSD,H1,BOS,3.0000,TF+1 en TF+2 mee,69,0.3043,0.0398,0.2645,0.1425,1.8558,0.0145,0.0232,0.8354,0.3026,0.1590,0.3366,1.0000,3,0,2.0000,0.0018,False,mee
XAGUSD,H1,CHoCH,3.0000,alle,777,-0.1197,-0.0511,-0.0686,0.0540,-1.2695,-0.0914,-0.0542,-0.0337,0.3026,-0.0075,-0.1446,0.6667,9,2,3.0000,-0.2112,False,omgekeerd
XAGUSD,H1,CHoCH,3.0000,displacement,371,-0.0135,-0.0616,0.0481,0.0779,0.6177,-0.0512,0.0051,0.0688,0.3026,0.1283,-0.0456,0.4444,9,1,1.0000,-0.3160,False,mee
XAGUSD,H1,CHoCH,3.0000,MSS,111,0.0811,-0.0743,0.1554,0.1514,1.0264,0.0270,0.1000,0.1953,0.3026,0.2500,0.0000,0.8000,5,1,2.0000,-0.2215,False,mee
XAGUSD,H1,CHoCH,3.0000,TF+1 mee,207,-0.1739,-0.0108,-0.1631,0.1024,-1.5937,-0.1884,-0.1770,-0.2372,0.3026,-0.1867,-0.1359,0.6667,9,0,3.0000,-0.1141,False,omgekeerd
XAGUSD,H1,CHoCH,3.0000,met sweep,573,-0.1414,-0.0573,-0.0840,0.0599,-1.4034,-0.0995,-0.0587,-0.0806,0.3026,0.0223,-0.2175,0.6667,9,1,3.0000,-0.2031,False,omgekeerd
XAGUSD,H1,sweep_swing,3.0000,alle,1783,-0.0271,-0.0278,0.0006,0.0356,0.0181,-0.0456,-0.0123,-0.0354,0.3026,0.0044,-0.0044,0.4444,9,3,3.0000,-0.3297,False,mee
XAGUSD,H1,sweep_swing,3.0000,TF+1 mee,528,-0.1253,-0.0354,-0.0899,0.0709,-1.2680,-0.0682,-0.0339,-0.0513,0.3026,-0.1926,0.0463,0.6667,9,1,3.0000,-0.2344,False,omgekeerd
XAGUSD,H1,BOS,5.0000,alle,538,-0.0386,-0.0393,0.0007,0.0647,0.0105,-0.0669,-0.0262,-0.0240,0.3026,0.0025,-0.0017,0.6667,9,1,1.0000,-0.3411,False,mee
XAGUSD,H1,BOS,5.0000,displacement,285,0.0316,-0.0247,0.0563,0.0912,0.6177,-0.0316,0.0246,0.2601,0.3026,0.0109,0.1083,0.7778,9,2,3.0000,-0.2710,False,mee
XAGUSD,H1,BOS,5.0000,TF+1 mee,215,0.0942,0.0025,0.0916,0.1001,0.9149,-0.0419,-0.0205,0.1166,0.3026,0.0519,0.1560,0.6667,9,2,1.0000,-0.2084,False,mee
XAGUSD,H1,BOS,5.0000,TF+1 en TF+2 mee,56,0.3393,0.0109,0.3284,0.2053,1.5994,0.0714,0.1000,0.0969,0.3026,0.6912,0.0562,0.0000,1,2,2.0000,0.0367,False,mee
XAGUSD,H1,CHoCH,5.0000,alle,461,-0.0824,0.0138,-0.0962,0.0721,-1.3355,-0.0759,-0.0703,0.1441,0.3026,-0.0163,-0.2082,0.6667,9,1,3.0000,-0.2266,False,omgekeerd
XAGUSD,H1,CHoCH,5.0000,displacement,260,-0.0538,0.0069,-0.0608,0.0947,-0.6415,-0.0385,-0.0515,0.1831,0.3026,0.0114,-0.1657,0.4444,9,1,2.0000,-0.2641,False,omgekeerd
XAGUSD,H1,CHoCH,5.0000,MSS,83,0.0482,-0.0145,0.0626,0.1620,0.3866,0.0120,-0.0169,-0.0074,0.3026,0.1608,-0.1020,0.7500,4,0,2.0000,-0.2544,False,mee
XAGUSD,H1,CHoCH,5.0000,TF+1 mee,102,-0.2059,-0.0529,-0.1529,0.1424,-1.0740,-0.1569,-0.1098,0.1849,0.3026,-0.1855,-0.1149,0.5000,4,1,3.0000,-0.1457,False,omgekeerd
XAGUSD,H1,CHoCH,5.0000,met sweep,276,-0.0652,0.0184,-0.0836,0.0932,-0.8969,-0.0652,-0.0557,0.2115,0.3026,0.0503,-0.2888,0.5556,9,0,3.0000,-0.2373,False,omgekeerd
XAGUSD,H1,sweep_swing,5.0000,alle,1105,-0.0208,-0.0245,0.0036,0.0455,0.0797,-0.0552,-0.0201,-0.0785,0.3026,0.0115,-0.0080,0.4444,9,0,3.0000,-0.3234,False,mee
XAGUSD,H1,sweep_swing,5.0000,TF+1 mee,321,-0.0846,-0.0085,-0.0761,0.0904,-0.8417,-0.0467,-0.0033,-0.2375,0.3026,-0.1527,0.0381,0.5556,9,1,3.0000,-0.2558,False,omgekeerd
XAGUSD,H1,sweep_dag,,alle,800,-0.0534,-0.0052,-0.0482,0.0572,-0.8416,-0.0629,-0.0571,-0.1361,0.3026,0.0235,-0.1597,0.7778,9,0,,-0.2396,False,omgekeerd
XAGUSD,H1,sweep_dag,,TF+1 mee,230,0.0028,0.0309,-0.0280,0.0962,-0.2911,-0.0087,-0.0136,-0.0239,0.3026,-0.1418,0.1366,0.3333,9,0,,-0.2939,False,omgekeerd
XAGUSD,H1,sweep_azie,,alle,1143,-0.0131,-0.0190,0.0058,0.0426,0.1372,-0.0201,0.0045,-0.0747,0.3026,0.0193,-0.0139,0.5556,9,0,,-0.3157,False,mee
XAGUSD,H1,sweep_azie,,TF+1 mee,340,-0.0382,0.0689,-0.1071,0.0847,-1.2646,0.0353,0.0046,-0.3274,0.3026,-0.2203,0.0507,0.6667,9,0,,-0.3378,False,omgekeerd
XAGUSD,H1,sweep_week,,alle,141,-0.3271,-0.1034,-0.2238,0.1187,-1.8849,-0.2057,-0.1504,-0.1617,0.3026,-0.1590,-0.3346,0.7143,7,0,,-0.0969,False,omgekeerd
XAGUSD,H1,sweep_week,,TF+1 mee,28,-0.5045,0.0714,-0.5759,0.2441,-2.3596,-0.0714,-0.1000,0.0347,0.3026,-0.7602,,,0,0,,-0.2311,False,omgekeerd
XAGUSD,H1,FVG_vorming,,alle,6959,-0.0243,-0.0300,0.0057,0.0225,0.2525,-0.0166,0.0079,0.0930,0.3026,-0.0045,0.0195,0.6667,9,0,,-0.3269,False,mee
XAGUSD,H1,FVG_vorming,,TF+1 mee,2057,-0.0071,-0.0043,-0.0028,0.0415,-0.0678,-0.0126,-0.0074,0.1416,0.3026,0.0039,-0.0114,0.6667,9,0,,-0.2900,False,omgekeerd
XAGUSD,H1,FVG_retest,,TF+1 mee,1657,0.0275,-0.0258,0.0533,0.0412,1.2935,0.0090,0.0234,0.1660,0.3026,0.0763,0.0243,0.6667,9,0,,-0.2751,False,mee
XAGUSD,H1,FVG_inverse,,alle,4035,-0.0682,-0.0226,-0.0456,0.0245,-1.8623,-0.0684,-0.0431,-0.0064,0.3026,-0.0266,-0.0710,0.7778,9,0,,-0.2341,False,omgekeerd
XAGUSD,H4,BOS,1.0000,alle,423,0.0058,-0.0183,0.0241,0.0788,0.3063,-0.0071,0.0258,0.1780,0.1414,0.1452,-0.1474,0.5556,9,1,1.0000,-0.1356,False,mee
XAGUSD,H4,BOS,1.0000,displacement,168,0.0357,-0.0907,0.1264,0.1190,1.0623,0.0000,0.0619,0.1677,0.1414,0.2679,-0.0489,0.6667,9,0,3.0000,-0.1057,False,mee
XAGUSD,H4,BOS,1.0000,TF+1 mee,114,-0.0789,-0.0662,-0.0128,0.1336,-0.0955,-0.1404,-0.0737,0.0355,0.1414,0.2308,-0.3245,0.5000,6,0,1.0000,-0.0011,False,omgekeerd
XAGUSD,H4,BOS,1.0000,TF+1 en TF+2 mee,21,-0.4286,-0.0000,-0.4286,0.3316,-1.2923,-0.3333,-0.4190,-0.1822,0.1414,,,,0,0,1.0000,0.1919,False,omgekeerd
XAGUSD,H4,CHoCH,1.0000,alle,388,-0.0103,-0.0411,0.0308,0.0741,0.4154,-0.0773,-0.0487,-0.0014,0.1414,-0.0231,0.1092,0.7778,9,0,1.0000,-0.1517,False,mee
XAGUSD,H4,CHoCH,1.0000,displacement,148,-0.2703,0.0034,-0.2736,0.1119,-2.4455,-0.1892,-0.1993,0.0038,0.1414,-0.4269,-0.1029,0.8889,9,1,3.0000,0.0478,False,omgekeerd
XAGUSD,H4,CHoCH,1.0000,MSS,25,0.0800,-0.0400,0.1200,0.2799,0.4287,-0.0400,-0.0480,1.0866,0.1414,,,,0,1,1.0000,-0.0614,False,mee
XAGUSD,H4,CHoCH,1.0000,TF+1 mee,111,-0.0541,-0.1411,0.0870,0.1497,0.5816,-0.0811,-0.0432,-0.2183,0.1414,-0.0193,0.2168,0.5714,7,0,2.0000,-0.1955,False,mee
XAGUSD,H4,CHoCH,1.0000,met sweep,350,-0.0229,-0.0261,0.0033,0.0777,0.0422,-0.0800,-0.0586,-0.0462,0.1414,-0.0659,0.1046,0.5556,9,0,1.0000,-0.1643,False,mee
XAGUSD,H4,sweep_swing,1.0000,alle,1083,-0.0345,0.0119,-0.0464,0.0438,-1.0587,-0.0139,0.0140,-0.0996,0.1414,-0.0771,-0.0019,0.7778,9,2,3.0000,-0.1276,False,omgekeerd
XAGUSD,H4,sweep_swing,1.0000,TF+1 mee,304,-0.2017,-0.0586,-0.1432,0.0900,-1.5906,-0.1118,-0.0605,-0.2698,0.1414,-0.1477,-0.1361,0.7778,9,0,2.0000,-0.0296,False,omgekeerd
XAGUSD,H4,BOS,3.0000,alle,236,-0.0107,-0.0092,-0.0015,0.0998,-0.0150,-0.0254,-0.0182,0.1335,0.1414,-0.0515,0.0701,0.5556,9,0,2.0000,-0.1160,False,omgekeerd
XAGUSD,H4,BOS,3.0000,displacement,104,0.0962,0.0077,0.0885,0.1514,0.5843,0.0000,0.0308,0.2991,0.1414,-0.0764,0.2735,0.6667,6,0,3.0000,-0.0453,False,mee
XAGUSD,H4,BOS,3.0000,TF+1 mee,65,-0.0769,-0.1097,0.0327,0.1814,0.1805,-0.1385,-0.1169,0.0560,0.1414,-0.0884,0.1929,0.3333,3,0,2.0000,-0.2183,False,mee
XAGUSD,H4,BOS,3.0000,TF+1 en TF+2 mee,12,0.0000,-0.3000,0.3000,0.3969,0.7559,0.0000,0.2667,-0.1088,0.1414,,,,0,0,2.0000,-0.1414,False,mee
XAGUSD,H4,CHoCH,3.0000,alle,200,-0.1900,0.0107,-0.2007,0.1060,-1.8927,-0.1100,-0.0990,-0.0989,0.1414,-0.0963,-0.3711,0.8889,9,0,2.0000,-0.0314,False,omgekeerd
XAGUSD,H4,CHoCH,3.0000,displacement,105,-0.3714,0.0014,-0.3729,0.1330,-2.8030,-0.2381,-0.1886,-0.3527,0.1414,-0.2466,-0.5348,0.8000,5,0,3.0000,0.0967,False,omgekeerd
XAGUSD,H4,CHoCH,3.0000,MSS,29,-0.2759,-0.0069,-0.2690,0.2240,-1.2010,-0.1724,-0.1241,-0.1037,0.1414,,,,0,0,2.0000,0.0310,False,omgekeerd
XAGUSD,H4,CHoCH,3.0000,TF+1 mee,68,-0.2059,-0.0830,-0.1229,0.1839,-0.6683,-0.2353,-0.1882,-0.2526,0.1414,0.0010,-0.3652,0.6667,3,0,1.0000,0.0939,False,omgekeerd
XAGUSD,H4,CHoCH,3.0000,met sweep,153,-0.1176,-0.0149,-0.1027,0.1266,-0.8116,-0.0850,-0.0575,0.0930,0.1414,-0.0770,-0.1448,0.7778,9,0,2.0000,-0.0564,False,omgekeerd
XAGUSD,H4,sweep_swing,3.0000,alle,469,-0.1222,0.0008,-0.1229,0.0703,-1.7478,-0.0746,-0.0642,-0.1684,0.1414,-0.1894,-0.0200,0.7778,9,0,3.0000,-0.0668,False,omgekeerd
XAGUSD,H4,sweep_swing,3.0000,TF+1 mee,136,-0.1051,-0.1315,0.0265,0.1332,0.1986,0.0000,0.0971,-0.1190,0.1414,0.0715,-0.0535,0.5714,7,1,1.0000,-0.2465,False,mee
XAGUSD,H4,BOS,5.0000,alle,145,-0.0069,0.0467,-0.0536,0.1306,-0.4107,-0.0069,0.0352,-0.0052,0.1414,0.0712,-0.2116,0.3750,8,1,2.0000,-0.1345,False,omgekeerd
XAGUSD,H4,BOS,5.0000,displacement,77,0.1688,0.0186,0.1502,0.1775,0.8461,0.0909,0.1390,0.1213,0.1414,0.3791,-0.0973,0.0000,3,1,3.0000,0.0274,False,mee
XAGUSD,H4,BOS,5.0000,TF+1 mee,32,0.5000,-0.0415,0.5415,0.2755,1.9656,0.1875,0.1625,0.2631,0.1414,,,,0,1,2.0000,0.3586,False,mee
XAGUSD,H4,BOS,5.0000,TF+1 en TF+2 mee,6,0.0000,-0.1000,0.1000,0.6944,0.1440,0.0000,0.0000,-1.7644,0.1414,,,,0,0,2.0000,-0.1414,False,mee
XAGUSD,H4,CHoCH,5.0000,alle,156,-0.0769,0.0053,-0.0822,0.1242,-0.6619,-0.1154,-0.0846,-0.2640,0.1414,-0.0130,-0.1817,0.7500,8,0,2.0000,-0.0260,False,omgekeerd
XAGUSD,H4,CHoCH,5.0000,displacement,84,-0.1429,-0.0286,-0.1143,0.1715,-0.6664,-0.1190,-0.0952,-0.3121,0.1414,0.0120,-0.3000,0.2500,4,0,3.0000,-0.0224,False,omgekeerd
XAGUSD,H4,CHoCH,5.0000,MSS,27,-0.1111,0.2222,-0.3333,0.2623,-1.2710,-0.1852,-0.2667,-0.7132,0.1414,,,,0,0,2.0000,0.0438,False,omgekeerd
XAGUSD,H4,CHoCH,5.0000,TF+1 mee,41,-0.0488,-0.0927,0.0439,0.2435,0.1803,-0.2195,-0.1561,0.0323,0.1414,-0.0500,,,0,1,2.0000,-0.1902,False,mee
XAGUSD,H4,CHoCH,5.0000,met sweep,104,-0.1058,0.0234,-0.1291,0.1556,-0.8296,-0.1731,-0.1423,-0.2035,0.1414,-0.0677,-0.2197,0.5000,6,0,2.0000,0.0317,False,omgekeerd
XAGUSD,H4,sweep_swing,5.0000,alle,262,-0.1909,0.0166,-0.2075,0.0922,-2.2500,-0.1221,-0.1485,-0.2166,0.1414,-0.2037,-0.2125,1.0000,9,0,3.0000,-0.0193,False,omgekeerd
XAGUSD,H4,sweep_swing,5.0000,TF+1 mee,86,-0.1628,-0.1186,-0.0441,0.1671,-0.2642,-0.0465,-0.0605,-0.3368,0.1414,0.0205,-0.1297,0.4000,5,2,2.0000,-0.0949,False,omgekeerd
XAGUSD,H4,sweep_week,,alle,140,-0.2071,-0.0231,-0.1841,0.1246,-1.4774,-0.1571,-0.1364,-0.1981,0.1414,-0.1180,-0.2994,0.7143,7,0,,0.0157,False,omgekeerd
XAGUSD,H4,sweep_week,,TF+1 mee,48,-0.4375,-0.0286,-0.4089,0.1742,-2.3473,-0.3750,-0.4417,-0.3185,0.1414,-0.6799,-0.1143,,0,0,,0.2336,False,omgekeerd
XAGUSD,H4,FVG_vorming,,alle,1829,-0.0342,0.0023,-0.0365,0.0415,-0.8793,-0.0137,-0.0108,0.0931,0.1414,-0.0318,-0.0429,0.6667,9,0,,-0.1277,False,omgekeerd
XAGUSD,H4,FVG_vorming,,TF+1 mee,497,-0.0040,-0.0679,0.0639,0.0830,0.7693,-0.0141,0.0137,-0.0422,0.1414,0.0274,0.1172,0.6667,9,0,,-0.1454,False,mee
XAGUSD,H4,FVG_retest,,TF+1 mee,403,-0.0248,-0.0450,0.0202,0.0832,0.2431,-0.0174,-0.0020,-0.1358,0.1414,-0.0021,0.0540,0.5556,9,0,,-0.1662,False,mee
XAGUSD,H4,FVG_inverse,,alle,1029,-0.0659,-0.0544,-0.0116,0.0486,-0.2388,-0.0573,-0.0139,-0.0341,0.1414,-0.0643,0.0595,0.4444,9,0,,-0.0841,False,omgekeerd
US500,M15,BOS,1.0000,alle,4937,-0.0282,0.0155,-0.0438,0.0232,-1.8864,-0.0415,-0.0238,-0.0170,0.3286,-0.0592,-0.0285,0.6667,9,4,2.0000,-0.2872,False,omgekeerd
US500,M15,BOS,1.0000,displacement,2087,-0.0063,0.0156,-0.0219,0.0340,-0.6450,-0.0402,-0.0123,0.0399,0.3286,-0.0784,0.0407,0.4444,9,3,2.0000,-0.2884,False,omgekeerd
US500,M15,BOS,1.0000,TF+1 mee,1474,-0.0290,0.0145,-0.0435,0.0435,-1.0003,-0.0451,-0.0346,-0.0093,0.3286,-0.0560,-0.0311,0.6667,9,3,3.0000,-0.2835,False,omgekeerd
US500,M15,BOS,1.0000,TF+1 en TF+2 mee,467,-0.0169,-0.0513,0.0344,0.0759,0.4530,-0.0321,0.0008,-0.1575,0.3286,0.0112,0.0576,0.4444,9,0,1.0000,-0.3455,False,mee
US500,M15,CHoCH,1.0000,alle,4521,0.0272,0.0085,0.0187,0.0219,0.8529,-0.0231,-0.0021,-0.0395,0.3286,0.0175,0.0199,0.5556,9,0,2.0000,-0.3015,False,mee
US500,M15,CHoCH,1.0000,displacement,1893,0.0042,-0.0144,0.0186,0.0344,0.5410,-0.0445,-0.0023,-0.0587,0.3286,-0.0053,0.0437,0.6667,9,0,2.0000,-0.3245,False,mee
US500,M15,CHoCH,1.0000,MSS,442,0.0112,-0.0264,0.0376,0.0750,0.5011,-0.0346,-0.0023,0.0998,0.3286,0.0608,0.0144,0.5556,9,0,1.0000,-0.3175,False,mee
US500,M15,CHoCH,1.0000,TF+1 mee,1301,-0.0179,0.0048,-0.0227,0.0391,-0.5815,-0.0945,-0.0727,0.0689,0.3286,-0.0695,0.0231,0.6667,9,3,2.0000,-0.2341,False,omgekeerd
US500,M15,CHoCH,1.0000,met sweep,3461,0.0234,0.0046,0.0188,0.0257,0.7303,-0.0262,-0.0015,-0.0459,0.3286,0.0172,0.0202,0.4444,9,0,2.0000,-0.3052,False,mee
US500,M15,sweep_swing,1.0000,alle,9638,-0.0018,0.0043,-0.0061,0.0150,-0.4043,-0.0267,-0.0026,0.0055,0.3286,0.0157,-0.0277,0.6667,9,1,2.0000,-0.3020,False,omgekeerd
US500,M15,sweep_swing,1.0000,TF+1 mee,2720,-0.0011,0.0084,-0.0095,0.0290,-0.3279,-0.0278,-0.0059,0.0748,0.3286,-0.0279,0.0091,0.6667,9,1,3.0000,-0.3009,False,omgekeerd
US500,M15,BOS,3.0000,alle,2280,0.0094,0.0082,0.0012,0.0326,0.0375,-0.0148,0.0132,-0.0152,0.3286,-0.0292,0.0309,0.6667,9,0,1.0000,-0.3193,False,mee
US500,M15,BOS,3.0000,displacement,1149,0.0039,0.0030,0.0009,0.0457,0.0188,-0.0581,-0.0284,0.1138,0.3286,0.0236,-0.0234,0.5556,9,0,1.0000,-0.3248,False,mee
US500,M15,BOS,3.0000,TF+1 mee,773,-0.0498,0.0091,-0.0588,0.0570,-1.0327,-0.0563,-0.0368,0.0542,0.3286,-0.1150,0.0097,0.7778,9,2,3.0000,-0.2723,False,omgekeerd
US500,M15,BOS,3.0000,TF+1 en TF+2 mee,228,-0.0821,0.0421,-0.1243,0.1045,-1.1899,-0.1164,-0.1331,0.0638,0.3286,-0.1609,-0.0864,0.5556,9,2,2.0000,-0.2122,False,omgekeerd
US500,M15,CHoCH,3.0000,alle,2348,0.0148,0.0050,0.0098,0.0302,0.3254,-0.0025,0.0265,-0.0225,0.3286,-0.0550,0.0798,0.5556,9,0,2.0000,-0.3138,False,mee
US500,M15,CHoCH,3.0000,displacement,1200,0.0365,0.0118,0.0247,0.0459,0.5378,0.0023,0.0344,-0.0230,0.3286,-0.0444,0.1009,0.6667,9,0,2.0000,-0.2922,False,mee
US500,M15,CHoCH,3.0000,MSS,430,-0.0750,0.0032,-0.0782,0.0722,-1.0826,-0.0774,-0.0329,-0.0870,0.3286,-0.1215,-0.0357,0.6667,9,2,2.0000,-0.2512,False,omgekeerd
US500,M15,CHoCH,3.0000,TF+1 mee,562,0.0743,0.0287,0.0456,0.0610,0.7471,0.0368,0.0628,0.3503,0.3286,0.0084,0.0793,0.7500,8,0,1.0000,-0.2543,False,mee
US500,M15,CHoCH,3.0000,met sweep,1461,0.0570,0.0161,0.0409,0.0380,1.0776,0.0131,0.0353,-0.0865,0.3286,0.0104,0.0693,0.5556,9,0,2.0000,-0.2717,False,mee
US500,M15,sweep_swing,3.0000,alle,4084,0.0032,-0.0068,0.0100,0.0240,0.4180,-0.0449,-0.0140,0.0182,0.3286,0.0051,0.0151,0.5556,9,0,1.0000,-0.3255,False,mee
US500,M15,sweep_swing,3.0000,TF+1 mee,1193,-0.0089,0.0037,-0.0126,0.0457,-0.2759,-0.0562,-0.0246,0.1222,0.3286,-0.0410,0.0190,0.6667,9,0,3.0000,-0.2725,False,omgekeerd
US500,M15,BOS,5.0000,alle,1591,-0.0436,0.0128,-0.0565,0.0389,-1.4506,-0.0632,-0.0409,-0.0123,0.3286,-0.0484,-0.0651,0.6667,9,3,2.0000,-0.2654,False,omgekeerd
US500,M15,BOS,5.0000,displacement,850,-0.0211,0.0187,-0.0398,0.0513,-0.7760,-0.0973,-0.0752,0.0265,0.3286,-0.0307,-0.0504,0.6667,9,2,2.0000,-0.2314,False,omgekeerd
US500,M15,BOS,5.0000,TF+1 mee,621,-0.0207,0.0295,-0.0502,0.0609,-0.8235,-0.0575,-0.0428,0.2769,0.3286,-0.0984,0.0066,0.5556,9,2,3.0000,-0.2712,False,omgekeerd
US500,M15,BOS,5.0000,TF+1 en TF+2 mee,190,-0.1555,0.0107,-0.1662,0.1145,-1.4518,-0.1502,-0.1141,0.2241,0.3286,-0.2035,-0.1247,0.7778,9,1,2.0000,-0.1784,False,omgekeerd
US500,M15,CHoCH,5.0000,alle,1546,-0.0550,-0.0157,-0.0393,0.0387,-1.0139,-0.0321,0.0086,-0.0318,0.3286,-0.0331,-0.0459,0.6667,9,3,1.0000,-0.2966,False,omgekeerd
US500,M15,CHoCH,5.0000,displacement,868,-0.0221,-0.0142,-0.0078,0.0502,-0.1557,-0.0291,0.0272,-0.0545,0.3286,0.0139,-0.0318,0.5556,9,3,1.0000,-0.2996,False,omgekeerd
US500,M15,CHoCH,5.0000,MSS,371,-0.0172,-0.0135,-0.0036,0.0775,-0.0469,-0.0600,-0.0197,-0.1477,0.3286,-0.0666,0.0502,0.6667,9,2,2.0000,-0.2687,False,omgekeerd
US500,M15,CHoCH,5.0000,TF+1 mee,305,0.0280,0.0349,-0.0069,0.0933,-0.0739,-0.0114,0.0022,0.2879,0.3286,0.0550,-0.0574,0.6250,8,2,2.0000,-0.3173,False,omgekeerd
US500,M15,CHoCH,5.0000,met sweep,786,-0.0422,-0.0248,-0.0174,0.0555,-0.3139,-0.0069,0.0425,-0.0934,0.3286,0.0226,-0.0543,0.4444,9,3,1.0000,-0.3217,False,omgekeerd
US500,M15,sweep_swing,5.0000,alle,2478,0.0129,0.0182,-0.0053,0.0294,-0.1801,-0.0520,-0.0371,0.0127,0.3286,-0.0270,0.0191,0.5556,9,0,2.0000,-0.2766,False,omgekeerd
US500,M15,sweep_swing,5.0000,TF+1 mee,703,-0.0233,0.0434,-0.0667,0.0579,-1.1523,-0.0782,-0.1024,0.1350,0.3286,-0.1037,-0.0244,0.3333,9,0,3.0000,-0.2504,False,omgekeerd
US500,M15,sweep_dag,,alle,642,0.0017,-0.0205,0.0222,0.0578,0.3843,-0.0564,-0.0249,-0.0590,0.3286,0.0222,0.0223,0.5556,9,0,,-0.3269,False,mee
US500,M15,sweep_dag,,TF+1 mee,149,-0.0228,0.0077,-0.0305,0.1219,-0.2501,-0.0604,-0.0801,-0.4385,0.3286,0.0165,-0.1086,0.6250,8,0,,-0.2682,False,omgekeerd
US500,M15,sweep_azie,,alle,1135,0.0805,-0.0175,0.0980,0.0464,2.1135,0.0256,0.0704,0.1270,0.3286,0.1250,0.0560,0.6667,9,0,,-0.2482,False,mee
US500,M15,sweep_azie,,TF+1 mee,335,0.0856,0.0110,0.0746,0.0808,0.9232,-0.0090,0.0287,0.3610,0.3286,0.1291,-0.0092,0.6667,9,0,,-0.2430,False,mee
US500,M15,FVG_vorming,,alle,28774,0.0146,0.0092,0.0054,0.0098,0.5526,-0.0152,0.0002,-0.0194,0.3286,-0.0090,0.0220,0.4444,9,0,,-0.3140,False,mee
US500,M15,FVG_vorming,,TF+1 mee,8303,0.0030,0.0113,-0.0084,0.0203,-0.4127,-0.0289,-0.0099,0.0160,0.3286,-0.0191,0.0040,0.3333,9,0,,-0.2998,False,omgekeerd
US500,M15,FVG_retest,,TF+1 mee,6754,0.0323,0.0223,0.0100,0.0216,0.4627,-0.0223,-0.0124,0.0216,0.3286,0.0057,0.0151,0.5556,9,0,,-0.2963,False,mee
US500,M15,FVG_inverse,,alle,16349,0.0181,0.0027,0.0155,0.0115,1.3425,-0.0250,-0.0034,0.0281,0.3286,0.0135,0.0177,0.6667,9,0,,-0.3105,False,mee
US500,H1,BOS,1.0000,alle,1559,-0.0014,0.0168,-0.0183,0.0415,-0.4395,-0.0699,-0.0441,0.0707,0.1733,-0.0248,-0.0089,0.5556,9,1,2.0000,-0.1034,False,omgekeerd
US500,H1,BOS,1.0000,displacement,682,-0.0015,-0.0003,-0.0012,0.0615,-0.0194,-0.0762,-0.0270,0.0688,0.1733,-0.0157,0.0226,0.5556,9,1,2.0000,-0.0970,False,omgekeerd
US500,H1,BOS,1.0000,TF+1 mee,442,-0.0701,-0.0064,-0.0637,0.0761,-0.8379,-0.1267,-0.1167,-0.2668,0.1733,-0.0482,-0.0816,0.6667,9,2,2.0000,-0.0466,False,omgekeerd
US500,H1,BOS,1.0000,TF+1 en TF+2 mee,156,0.0192,-0.0184,0.0376,0.1359,0.2768,-0.0897,-0.0590,-0.2063,0.1733,0.1704,-0.1058,0.5000,8,1,2.0000,-0.1540,False,mee
US500,H1,CHoCH,1.0000,alle,1479,-0.0741,-0.0270,-0.0471,0.0395,-1.1918,-0.0886,-0.0481,-0.1956,0.1733,-0.0469,-0.0474,0.8889,9,2,2.0000,-0.0847,False,omgekeerd
US500,H1,CHoCH,1.0000,displacement,633,0.0237,-0.0585,0.0822,0.0591,1.3910,-0.0458,0.0371,-0.2039,0.1733,0.0528,0.1222,0.7778,9,1,2.0000,-0.1496,False,mee
US500,H1,CHoCH,1.0000,MSS,109,-0.0917,-0.1365,0.0448,0.1446,0.3096,-0.1743,-0.0651,-0.4541,0.1733,0.0541,0.0293,0.8333,6,1,2.0000,-0.2650,False,mee
US500,H1,CHoCH,1.0000,TF+1 mee,438,-0.1027,-0.0182,-0.0845,0.0675,-1.2510,-0.1050,-0.0667,-0.2660,0.1733,-0.0696,-0.1055,0.7778,9,3,2.0000,-0.0682,False,omgekeerd
US500,H1,CHoCH,1.0000,met sweep,1198,-0.0835,-0.0341,-0.0494,0.0456,-1.0825,-0.0751,-0.0298,-0.2381,0.1733,-0.0346,-0.0700,0.6667,9,2,2.0000,-0.0981,False,omgekeerd
US500,H1,sweep_swing,1.0000,alle,3426,-0.0058,-0.0089,0.0031,0.0251,0.1252,-0.0286,0.0094,-0.0585,0.1733,-0.0256,0.0444,0.5556,9,1,3.0000,-0.1790,False,mee
US500,H1,sweep_swing,1.0000,TF+1 mee,1045,-0.0606,-0.0292,-0.0314,0.0473,-0.6638,0.0010,0.0417,-0.0045,0.1733,-0.0269,-0.0375,0.6667,9,1,2.0000,-0.1742,False,omgekeerd
US500,H1,BOS,3.0000,alle,755,0.0331,0.0322,0.0009,0.0566,0.0162,-0.0464,-0.0053,0.1613,0.1733,0.0356,-0.0462,0.4444,9,0,1.0000,-0.1402,False,mee
US500,H1,BOS,3.0000,displacement,423,0.0638,-0.0027,0.0666,0.0756,0.8810,-0.0402,0.0348,0.0805,0.1733,0.0969,0.0240,0.4444,9,0,1.0000,-0.1094,False,mee
US500,H1,BOS,3.0000,TF+1 mee,210,0.0857,-0.0392,0.1249,0.1049,1.1904,-0.0762,-0.0229,0.0173,0.1733,0.1547,0.0828,0.7778,9,0,1.0000,-0.0876,False,mee
US500,H1,BOS,3.0000,TF+1 en TF+2 mee,74,0.1351,0.0796,0.0556,0.2104,0.2641,-0.0270,-0.0703,0.2480,0.1733,0.1812,-0.2230,0.6667,3,1,2.0000,-0.0381,False,mee
US500,H1,CHoCH,3.0000,alle,777,-0.0519,0.0192,-0.0711,0.0502,-1.4161,-0.0528,-0.0389,-0.2778,0.1733,-0.1106,-0.0064,0.7778,9,2,2.0000,-0.1205,False,omgekeerd
US500,H1,CHoCH,3.0000,displacement,391,-0.0632,0.0207,-0.0839,0.0695,-1.2065,-0.0486,-0.0276,-0.2840,0.1733,-0.0510,-0.1367,0.4444,9,0,1.0000,-0.1247,False,omgekeerd
US500,H1,CHoCH,3.0000,MSS,111,-0.2406,0.0523,-0.2928,0.1294,-2.2626,-0.0991,-0.1117,-0.4639,0.1733,-0.1412,-0.5326,0.8000,5,1,1.0000,-0.0742,False,omgekeerd
US500,H1,CHoCH,3.0000,TF+1 mee,197,-0.0102,0.0651,-0.0753,0.1085,-0.6939,-0.0355,-0.0122,-0.2194,0.1733,-0.2359,0.1647,0.4444,9,1,2.0000,-0.1377,False,omgekeerd
US500,H1,CHoCH,3.0000,met sweep,508,-0.0315,0.0034,-0.0349,0.0643,-0.5426,-0.0472,-0.0209,-0.3493,0.1733,-0.0401,-0.0267,0.5556,9,2,2.0000,-0.1260,False,omgekeerd
US500,H1,sweep_swing,3.0000,alle,1520,0.0117,-0.0268,0.0385,0.0368,1.0462,-0.0289,0.0186,0.0608,0.1733,0.0975,-0.0481,0.5556,9,2,3.0000,-0.1616,False,mee
US500,H1,sweep_swing,3.0000,TF+1 mee,475,-0.0589,-0.0093,-0.0496,0.0675,-0.7356,-0.0105,0.0328,-0.0210,0.1733,0.0979,-0.2507,0.6667,9,2,2.0000,-0.1627,False,omgekeerd
US500,H1,BOS,5.0000,alle,511,-0.0607,-0.0003,-0.0603,0.0638,-0.9451,-0.1155,-0.0658,-0.0436,0.1733,-0.0512,-0.0732,0.7778,9,0,2.0000,-0.0578,False,omgekeerd
US500,H1,BOS,5.0000,displacement,268,-0.0485,-0.0225,-0.0260,0.0938,-0.2773,-0.1194,-0.0299,-0.2200,0.1733,-0.0092,-0.0525,0.5556,9,1,2.0000,-0.0539,False,omgekeerd
US500,H1,BOS,5.0000,TF+1 mee,205,-0.0488,-0.0381,-0.0107,0.1012,-0.1053,-0.1220,-0.0605,-0.2067,0.1733,0.0017,-0.0308,0.4444,9,0,2.0000,-0.0513,False,omgekeerd
US500,H1,BOS,5.0000,TF+1 en TF+2 mee,62,-0.0323,0.1226,-0.1548,0.1977,-0.7832,-0.1613,-0.1806,0.1193,0.1733,-0.2462,0.0000,0.3333,3,0,1.0000,-0.0120,False,omgekeerd
US500,H1,CHoCH,5.0000,alle,523,0.0013,-0.0354,0.0368,0.0639,0.5752,-0.0860,-0.0226,0.0543,0.1733,0.0205,0.0603,0.5556,9,0,1.0000,-0.1719,False,mee
US500,H1,CHoCH,5.0000,displacement,301,-0.0123,-0.0491,0.0368,0.0799,0.4598,-0.0831,0.0186,0.0030,0.1733,0.0543,0.0120,0.5556,9,1,2.0000,-0.1856,False,mee
US500,H1,CHoCH,5.0000,MSS,100,0.0530,-0.0280,0.0810,0.1584,0.5114,-0.0400,0.0240,0.5962,0.1733,0.1320,0.0300,0.5000,6,0,2.0000,-0.1203,False,mee
US500,H1,CHoCH,5.0000,TF+1 mee,100,-0.0400,-0.0547,0.0147,0.1498,0.0981,-0.0800,-0.0040,-0.1707,0.1733,0.0905,-0.0818,0.6667,6,1,1.0000,-0.2133,False,mee
US500,H1,CHoCH,5.0000,met sweep,273,-0.0058,-0.0104,0.0046,0.0923,0.0496,-0.0769,-0.0418,0.0751,0.1733,-0.0075,0.0202,0.3333,9,0,1.0000,-0.1791,False,mee
US500,H1,sweep_swing,5.0000,alle,907,0.0096,0.0027,0.0069,0.0510,0.1355,-0.0452,0.0042,0.1880,0.1733,0.0271,-0.0240,0.3333,9,0,3.0000,-0.1637,False,mee
US500,H1,sweep_swing,5.0000,TF+1 mee,290,-0.0172,-0.0547,0.0375,0.0829,0.4523,-0.0138,0.0497,0.2956,0.1733,0.0215,0.0605,0.6667,9,0,1.0000,-0.1905,False,mee
US500,H1,sweep_dag,,alle,686,0.0408,0.0072,0.0336,0.0598,0.5618,-0.0350,-0.0064,0.1901,0.1733,0.0407,0.0233,0.5556,9,0,,-0.1325,False,mee
US500,H1,sweep_dag,,TF+1 mee,216,-0.0139,-0.0484,0.0346,0.1099,0.3144,-0.0556,-0.0037,0.1832,0.1733,0.0551,0.0053,0.6667,9,0,,-0.1872,False,mee
US500,H1,sweep_azie,,alle,1189,0.0351,0.0137,0.0213,0.0402,0.5310,-0.0059,0.0261,0.1652,0.1733,0.0447,-0.0108,0.7778,9,0,,-0.1382,False,mee
US500,H1,sweep_azie,,TF+1 mee,379,-0.0264,0.0398,-0.0661,0.0751,-0.8811,0.0079,-0.0011,0.4653,0.1733,-0.0163,-0.1301,0.7778,9,0,,-0.1812,False,omgekeerd
US500,H1,sweep_week,,alle,133,0.1504,0.0286,0.1218,0.1368,0.8903,0.0226,0.0481,0.0095,0.1733,0.2500,-0.0295,0.5714,7,0,,-0.0229,False,mee
US500,H1,sweep_week,,TF+1 mee,27,0.0000,0.0667,-0.0667,0.3241,-0.2057,-0.1111,-0.2815,0.0128,0.1733,,,,0,0,,-0.0622,False,omgekeerd
US500,H1,FVG_vorming,,alle,8316,0.0469,0.0138,0.0331,0.0205,1.6153,0.0043,0.0158,0.0191,0.1733,0.0020,0.0796,0.7778,9,0,,-0.1264,False,mee
US500,H1,FVG_vorming,,TF+1 mee,2416,-0.0244,-0.0244,0.0000,0.0380,0.0008,-0.0414,-0.0108,-0.1275,0.1733,-0.0653,0.0925,0.4444,9,0,,-0.1977,False,mee
US500,H1,FVG_retest,,TF+1 mee,1961,-0.0658,-0.0308,-0.0350,0.0385,-0.9085,-0.0954,-0.0549,-0.1161,0.1733,-0.0830,0.0340,0.5556,9,0,,-0.0779,False,omgekeerd
US500,H1,FVG_inverse,,alle,4724,-0.0100,0.0003,-0.0103,0.0227,-0.4558,-0.0305,0.0151,-0.0453,0.1733,-0.0125,-0.0069,0.6667,9,0,,-0.1428,False,omgekeerd
US500,H4,BOS,1.0000,alle,429,-0.0350,-0.0209,-0.0141,0.0821,-0.1711,-0.0676,-0.0182,-0.1148,0.0806,-0.0339,0.0131,0.4444,9,1,2.0000,-0.0130,False,omgekeerd
US500,H4,BOS,1.0000,displacement,161,-0.0870,0.0137,-0.1006,0.1156,-0.8704,-0.1304,-0.1068,-0.2959,0.0806,-0.1109,-0.0870,0.5714,7,1,2.0000,0.0499,False,omgekeerd
US500,H4,BOS,1.0000,TF+1 mee,137,0.0292,0.0204,0.0088,0.1500,0.0584,-0.0219,0.0584,-0.2715,0.0806,0.0500,-0.0566,0.2857,7,1,1.0000,-0.0514,False,mee
US500,H4,BOS,1.0000,TF+1 en TF+2 mee,54,0.2222,0.2556,-0.0333,0.2199,-0.1516,-0.0370,-0.0593,-0.1041,0.0806,0.0000,-0.0783,0.0000,1,1,2.0000,-0.0435,False,omgekeerd
US500,H4,CHoCH,1.0000,alle,394,0.0431,0.0171,0.0260,0.0750,0.3467,-0.0812,-0.0569,-0.1649,0.0806,0.1060,-0.0815,0.5556,9,0,2.0000,-0.0374,False,mee
US500,H4,CHoCH,1.0000,displacement,175,-0.0229,-0.0383,0.0154,0.1195,0.1290,-0.1429,-0.0417,-0.2487,0.0806,0.1062,-0.1208,0.6250,8,0,3.0000,-0.1034,False,mee
US500,H4,CHoCH,1.0000,MSS,31,0.0645,-0.0323,0.0968,0.3134,0.3088,-0.1613,-0.0290,-0.1787,0.0806,0.1500,,,0,1,1.0000,-0.0160,False,mee
US500,H4,CHoCH,1.0000,TF+1 mee,125,0.1280,0.0460,0.0820,0.1517,0.5406,-0.0400,-0.0192,-0.1448,0.0806,0.2820,-0.1279,0.5000,8,0,3.0000,0.0474,False,mee
US500,H4,CHoCH,1.0000,met sweep,329,0.0304,0.0211,0.0093,0.0827,0.1121,-0.0942,-0.0739,-0.1428,0.0806,0.0763,-0.0801,0.4444,9,0,2.0000,-0.0502,False,mee
US500,H4,sweep_swing,1.0000,alle,1051,-0.0252,0.0623,-0.0875,0.0448,-1.9537,-0.0504,-0.0413,0.0119,0.0806,-0.0323,-0.1814,0.6667,9,2,2.0000,-0.0301,False,omgekeerd
US500,H4,sweep_swing,1.0000,TF+1 mee,346,0.0189,0.0333,-0.0144,0.0929,-0.1551,-0.0173,-0.0035,0.1477,0.0806,0.1316,-0.2121,0.6667,9,1,2.0000,-0.0632,False,omgekeerd
US500,H4,BOS,3.0000,alle,236,0.0042,-0.0024,0.0066,0.0979,0.0678,-0.0593,-0.0352,-0.1523,0.0806,-0.0707,0.1119,0.5556,9,0,1.0000,-0.0763,False,mee
US500,H4,BOS,3.0000,displacement,122,0.0820,-0.0125,0.0945,0.1463,0.6459,-0.0984,-0.0738,0.0705,0.0806,-0.0165,0.2211,0.6250,8,0,1.0000,0.0014,False,mee
US500,H4,BOS,3.0000,TF+1 mee,74,0.0946,0.1270,-0.0324,0.1597,-0.2031,0.0541,0.0595,-0.1342,0.0806,0.0638,-0.2000,0.5000,2,0,2.0000,-0.1346,False,omgekeerd
US500,H4,BOS,3.0000,TF+1 en TF+2 mee,22,0.0909,0.0091,0.0818,0.3052,0.2681,0.0909,0.1455,0.0902,0.0806,,,,0,0,1.0000,0.0104,False,mee
US500,H4,CHoCH,3.0000,alle,229,-0.0175,0.0464,-0.0638,0.0967,-0.6599,-0.0044,0.0319,0.0191,0.0806,-0.1295,0.0305,0.4444,9,1,1.0000,-0.0762,False,omgekeerd
US500,H4,CHoCH,3.0000,displacement,111,0.0000,-0.0047,0.0047,0.1423,0.0330,0.0811,0.1234,0.0011,0.0806,0.0391,-0.0519,0.8000,5,1,3.0000,-0.0806,False,mee
US500,H4,CHoCH,3.0000,MSS,35,0.1143,0.1508,-0.0365,0.2275,-0.1607,0.0857,0.0257,0.0059,0.0806,0.0714,,0.0000,1,1,2.0000,-0.1663,False,omgekeerd
US500,H4,CHoCH,3.0000,TF+1 mee,66,0.1818,-0.0135,0.1954,0.1914,1.0207,0.1818,0.2606,0.2143,0.0806,0.5431,-0.2483,0.6667,3,1,3.0000,0.1013,False,mee
US500,H4,CHoCH,3.0000,met sweep,167,-0.0479,0.0306,-0.0785,0.1094,-0.7178,-0.0539,-0.0263,-0.1715,0.0806,-0.2657,0.1625,0.5556,9,0,1.0000,-0.0267,False,omgekeerd
US500,H4,sweep_swing,3.0000,alle,490,0.0286,0.0333,-0.0048,0.0618,-0.0770,0.0082,0.0153,0.1007,0.0806,0.0871,-0.1701,0.4444,9,1,2.0000,-0.0887,False,omgekeerd
US500,H4,sweep_swing,3.0000,TF+1 mee,146,0.0274,-0.0451,0.0725,0.1310,0.5539,0.0000,0.0630,0.1436,0.0806,0.2824,-0.2198,0.5714,7,1,1.0000,-0.0532,False,mee
US500,H4,BOS,5.0000,alle,155,-0.1097,0.1020,-0.2116,0.1182,-1.7902,-0.1097,-0.1555,-0.2679,0.0806,-0.1366,-0.3371,0.7500,8,0,2.0000,0.0291,False,omgekeerd
US500,H4,BOS,5.0000,displacement,81,-0.0741,0.0685,-0.1426,0.1627,-0.8764,-0.1852,-0.1889,0.1363,0.0806,-0.0606,-0.2897,0.6667,3,0,2.0000,0.1046,False,omgekeerd
US500,H4,BOS,5.0000,TF+1 mee,56,-0.1964,-0.0679,-0.1286,0.1661,-0.7740,-0.1071,0.0000,-0.1836,0.0806,-0.1371,-0.1143,1.0000,1,0,2.0000,0.0266,False,omgekeerd
US500,H4,BOS,5.0000,TF+1 en TF+2 mee,15,0.0000,0.1200,-0.1200,0.3652,-0.3286,0.2000,0.2667,0.6163,0.0806,,,,0,0,2.0000,-0.2806,False,omgekeerd
US500,H4,CHoCH,5.0000,alle,148,0.0743,-0.0676,0.1419,0.1276,1.1124,-0.0541,0.0108,-0.0081,0.0806,0.1326,0.1548,0.6667,9,1,2.0000,-0.0062,False,mee
US500,H4,CHoCH,5.0000,displacement,80,-0.0625,-0.1000,0.0375,0.1747,0.2146,-0.0500,0.0500,-0.2542,0.0806,0.2930,-0.2595,0.5000,2,1,3.0000,-0.1431,False,mee
US500,H4,CHoCH,5.0000,MSS,26,-0.1923,-0.0308,-0.1615,0.2780,-0.5811,-0.0769,0.0308,-0.7976,0.0806,,,,0,1,2.0000,-0.0036,False,omgekeerd
US500,H4,CHoCH,5.0000,TF+1 mee,45,0.0000,-0.0527,0.0527,0.2361,0.2232,0.0667,0.1416,0.1781,0.0806,0.2988,-0.2286,1.0000,1,1,3.0000,-0.0806,False,mee
US500,H4,CHoCH,5.0000,met sweep,90,0.0667,-0.0667,0.1333,0.1684,0.7916,-0.0889,0.0133,-0.0644,0.0806,0.0737,0.2364,0.7500,4,1,2.0000,-0.0139,False,mee
US500,H4,sweep_swing,5.0000,alle,283,0.0495,-0.0041,0.0536,0.0870,0.6163,-0.0035,0.0163,0.1186,0.0806,0.1310,-0.0757,0.6667,9,0,1.0000,-0.0311,False,mee
US500,H4,sweep_swing,5.0000,TF+1 mee,87,0.0690,0.1694,-0.1004,0.1721,-0.5834,-0.0345,-0.0785,-0.0108,0.0806,-0.1124,-0.0833,0.8000,5,2,2.0000,-0.0461,False,omgekeerd
US500,H4,sweep_week,,alle,147,-0.0204,0.0713,-0.0917,0.1224,-0.7489,0.0204,0.0299,0.1793,0.0806,0.0692,-0.2736,0.8889,9,0,,-0.1010,False,omgekeerd
US500,H4,sweep_week,,TF+1 mee,42,-0.4286,-0.0286,-0.4000,0.2182,-1.8330,-0.2857,-0.2571,-0.3414,0.0806,,-0.5040,,0,0,,0.2052,False,omgekeerd
US500,H4,FVG_vorming,,alle,2266,0.0158,0.0161,-0.0003,0.0405,-0.0072,0.0035,0.0195,-0.0337,0.0806,-0.0181,0.0262,0.3333,9,0,,-0.0840,False,omgekeerd
US500,H4,FVG_vorming,,TF+1 mee,730,-0.0055,0.0051,-0.0106,0.0718,-0.1475,0.0192,0.0778,-0.0559,0.0806,0.0822,-0.1522,0.5556,9,0,,-0.0997,False,omgekeerd
US500,H4,FVG_retest,,TF+1 mee,587,-0.0698,-0.0093,-0.0606,0.0688,-0.8800,-0.0903,-0.0361,-0.0469,0.0806,-0.0425,-0.0857,0.6667,9,0,,0.0097,False,omgekeerd
US500,H4,FVG_inverse,,alle,1267,-0.0307,0.0206,-0.0513,0.0415,-1.2356,-0.0655,-0.0556,-0.1291,0.0806,-0.1115,0.0380,0.6667,9,0,,-0.0150,False,omgekeerd
